user_pk,product_pk
1462,110
2631,296
4408,256
2188,318
2565,46
1453,223
297,199
1521,224
2177,83
843,160
2877,36
4380,360
2334,26
1632,93
1185,254
644,345
3673,190
178,370
3012,195
1130,389
2469,85
2647,135
3253,406
2965,341
4496,127
4139,125
1626,347
3317,339
3211,345
681,234
4271,239
2112,336
4169,366
3657,102
463,269
3806,163
892,346
2689,191
391,39
2121,281
1118,279
2607,412
1437,157
1322,288
3529,49
404,228
594,189
3166,356
14,81
2580,358
1867,362
3713,14
1976,409
454,192
866,138
111,326
3609,343
3141,85
1953,181
1396,212
2643,262
155,268
730,30
434,25
2223,268
2101,31
2406,282
1978,340
1601,407
2918,252
2225,241
1906,15
211,256
2947,266
3700,376
4180,337
4039,35
766,351
1844,397
2711,142
2294,336
2678,154
1611,361
878,294
1698,406
3070,78
2376,177
2315,256
3321,158
2890,90
988,40
1873,360
2337,403
2351,411
2676,307
3932,107
2851,136
942,351
3368,412
3441,314
2377,318
1697,111
1571,139
3728,184
2481,86
2860,8
3978,399
2462,194
656,219
516,240
2325,237
4486,396
707,191
1704,408
2796,109
4267,104
2150,268
1739,118
3732,285
1161,217
2743,58
633,72
2228,203
4149,100
679,142
1729,121
460,407
1280,194
2039,124
2183,139
499,32
2509,99
961,387
2826,354
620,89
3107,150
315,235
2573,113
4302,173
1806,284
4137,154
3634,254
2127,305
749,317
734,58
2944,191
693,21
3903,183
616,297
480,133
1331,31
2539,243
1295,312
311,71
139,356
2431,102
1731,22
4388,318
2129,344
3381,183
2787,281
3837,277
3735,218
64,263
4054,83
1179,370
308,237
2235,3
2544,147
4181,218
3318,208
589,259
1055,228
1400,49
2043,149
385,209
847,361
1015,234
2330,47
3733,195
2367,20
4200,84
778,414
2331,104
3725,138
4445,321
360,170
1125,260
428,380
2756,51
4129,141
1973,48
960,32
356,391
2590,349
426,199
4403,166
3858,398
584,59
2186,116
3128,376
1839,132
2016,392
3777,224
1839,71
3228,149
1264,162
3223,394
3623,246
2349,217
1788,136
441,375
3910,59
4174,338
954,182
1375,164
1497,77
3528,295
3632,392
981,22
1427,404
2068,17
2149,363
2015,15
3894,63
4307,316
1132,201
21,401
4047,21
585,299
1860,307
549,238
1768,318
1631,80
1968,222
3891,307
2374,358
4331,291
1372,224
243,254
957,156
425,6
318,55
2944,26
1210,396
3020,219
4050,200
1246,308
2746,387
2010,246
950,9
1307,255
3428,290
3725,71
3396,39
2357,107
2486,255
384,77
3158,162
46,412
3300,51
2399,155
1376,158
1851,205
2373,230
2034,295
4331,156
1098,242
3765,376
1111,390
2488,394
3533,86
4360,369
1181,206
2592,58
1621,351
4449,133
542,151
2331,335
1508,374
368,190
3951,94
3712,354
1608,353
3296,248
2890,215
3708,1
2769,394
2459,6
1825,288
3838,226
2579,241
1087,274
2536,144
4109,407
4144,49
2093,112
2077,184
3943,144
3522,276
4307,31
2393,76
8,12
296,3
1633,50
3374,160
4117,326
3591,110
1892,317
1,358
3470,152
1264,293
2850,20
2801,291
3145,114
1025,402
2173,224
1216,208
3859,355
1460,4
3196,394
2238,375
4136,290
1184,28
383,397
4137,143
2302,359
1768,274
2688,108
547,45
1122,44
2884,24
1632,134
2817,48
3536,200
1766,365
103,91
1862,56
3265,178
3,253
1639,373
2575,27
4250,145
2814,142
138,259
2415,75
574,227
3327,73
3147,218
3197,195
4263,334
1755,211
3097,322
4344,324
2468,7
2269,307
2314,281
3638,156
429,415
3952,410
1471,415
4404,236
1129,380
1437,55
4136,150
2676,413
129,228
2735,235
1039,118
3556,278
180,409
1665,171
215,50
1038,262
1766,353
1758,149
2041,39
1354,369
84,12
431,164
2064,286
1527,72
3524,287
1264,51
936,384
3331,269
4266,343
558,321
1861,83
3763,46
380,50
2622,226
1613,282
1206,225
2010,407
1638,385
4214,194
3230,77
1388,130
44,287
3698,124
701,145
2355,203
210,365
2817,224
290,248
3110,20
3149,175
773,220
3216,391
690,216
231,283
1039,96
2363,339
3895,328
3861,71
441,383
3462,221
1887,206
767,32
4449,231
3364,14
340,354
1700,357
3917,205
2691,283
1157,285
3774,119
715,276
2255,256
254,235
309,379
325,129
3182,141
1203,317
3073,31
3705,77
3058,278
3477,218
2956,11
1731,267
4088,329
1340,79
3333,403
2696,81
546,321
2639,273
1675,41
2063,283
3844,124
1024,87
1756,251
4052,337
853,343
3237,3
773,295
818,318
362,338
1394,377
3366,409
3622,169
4015,152
73,239
432,245
427,281
4339,103
3845,233
2015,309
106,276
1424,414
1068,369
1633,101
391,145
3807,87
1179,391
3346,176
4239,158
3049,398
364,388
2172,202
4457,156
3386,36
4302,2
926,53
868,275
1234,64
2147,179
1813,61
3133,105
2330,358
1681,192
1234,359
1770,30
2460,333
3633,279
43,114
3109,19
261,268
2715,154
4268,241
4009,247
1192,364
1884,129
365,324
899,225
1696,251
1882,365
1328,165
870,167
405,67
1353,256
3990,278
2600,323
748,100
561,384
317,355
2556,351
419,41
1716,102
3264,15
2366,174
4107,332
3992,256
2161,102
2607,370
3830,273
339,237
307,200
4323,218
45,293
3889,315
123,154
1616,146
3089,379
4344,42
2153,305
1510,246
748,304
3100,254
524,278
3451,300
928,281
1822,362
2756,404
674,10
735,399
2928,56
3292,115
87,370
954,84
2263,223
2088,387
1305,291
4117,181
2364,67
3980,407
4370,73
1505,137
4044,26
3791,327
3794,286
1055,209
1642,131
217,140
4472,369
116,154
681,58
2836,383
2413,177
4412,30
2450,68
3075,44
3535,168
4205,264
3377,388
185,277
1652,383
1738,92
1784,170
885,116
1953,216
3075,207
4305,191
1865,390
970,200
3103,100
848,207
458,287
1487,393
1622,364
75,203
4453,215
1043,26
4402,305
2375,289
330,262
3571,312
3797,170
4065,338
2985,263
2405,51
3960,35
1808,150
2671,43
134,314
1304,10
1835,281
3550,374
3289,171
3107,305
2604,174
7,377
3119,57
942,307
2079,159
2381,309
829,395
3098,342
3653,112
1806,341
4176,33
1227,265
1236,373
4114,60
4269,49
2207,128
264,337
3167,415
3220,135
3137,337
2614,129
2127,313
2727,9
1663,16
1941,124
1359,285
3850,306
3854,133
3034,401
2239,5
1940,127
201,346
439,201
2047,86
2761,173
48,207
819,84
2945,412
2201,128
1264,373
1675,325
2052,111
4057,174
4455,113
4095,283
3513,103
2543,191
3915,325
1678,16
1162,212
546,88
2808,370
87,222
633,119
3629,394
605,41
4,31
1792,62
1468,400
1084,18
11,203
3137,88
311,134
1795,89
1851,11
411,316
4391,142
1532,375
2637,233
3550,277
581,345
3821,399
1579,242
4460,410
2306,109
3975,200
697,160
3299,9
230,200
3425,4
3393,60
2022,218
3132,284
1234,296
973,167
2441,73
3093,241
1223,204
3859,126
3560,101
973,150
918,25
4361,160
2122,9
3371,88
3599,30
2354,326
1535,137
4116,191
4408,132
3251,296
3484,335
3387,269
2197,415
3363,278
3235,118
2169,105
3920,110
3029,45
4246,323
3538,332
2716,79
4017,342
1369,378
2699,308
3615,294
3714,236
3145,341
3556,97
1937,36
898,241
2367,340
1076,58
2101,48
1704,107
2995,359
1543,58
310,60
1882,223
28,318
4233,141
583,52
265,120
4380,147
3618,88
896,96
2833,202
103,117
363,144
1969,82
2476,405
1606,397
2469,381
1091,184
2277,25
958,317
3979,228
3652,278
2588,188
632,36
706,364
1099,112
2271,177
1905,324
268,19
1046,127
4422,112
2399,366
698,103
744,340
4277,109
3561,268
4136,227
3600,351
880,38
904,403
2642,229
1412,206
118,22
1980,215
544,271
4432,403
1863,183
3175,395
217,163
385,45
2833,390
3991,386
1595,235
2854,396
2554,88
887,155
2678,274
3695,397
4093,32
3699,198
1244,142
1287,130
3285,48
1187,415
968,91
1578,189
2354,210
23,59
2366,206
981,272
3420,26
1932,32
3840,41
1976,346
4118,230
3686,285
3692,163
536,119
393,266
1766,186
225,254
1265,398
709,358
3731,158
1837,383
1265,143
2771,17
3045,332
3945,183
226,34
671,341
513,166
883,179
3784,10
1491,35
3268,311
3865,200
3099,235
1577,45
579,294
4195,139
2587,59
3972,291
2463,103
546,236
754,355
3653,293
1068,60
3941,77
2037,64
1020,186
3400,297
2393,65
1948,311
3459,131
229,341
631,159
3800,124
3826,14
2656,306
3742,306
3800,305
2106,129
1592,189
730,311
3968,268
700,34
4353,216
1509,226
3199,60
1323,47
955,311
3122,391
2304,50
3997,172
1971,254
2625,312
3475,171
591,379
1165,25
1507,61
3815,328
1927,68
1096,351
4170,389
3456,190
2689,67
1923,370
1515,234
2917,359
981,170
1053,358
4497,194
3697,323
3306,169
1835,216
3063,205
3326,406
1734,81
2403,154
908,377
4466,49
1619,205
4323,343
2918,250
2094,78
3067,344
3775,191
1645,233
4380,247
3101,286
1295,203
2650,184
3497,411
3387,315
131,364
2360,255
2066,129
2187,1
3018,42
4402,124
138,5
3347,221
59,49
1708,169
4221,188
1537,315
3591,130
2351,41
3475,234
2483,62
370,255
3397,389
651,324
2910,213
1118,58
3111,44
4153,227
2480,114
3669,22
1621,96
2656,335
448,273
3717,222
3469,45
356,149
859,66
439,146
3207,61
48,100
3579,186
1306,171
3778,377
383,235
1554,384
2060,176
1234,7
3748,124
4294,47
870,62
2162,208
1489,371
961,165
1326,107
2396,171
809,106
397,128
17,323
2534,228
647,78
2615,95
3062,155
1784,371
782,6
1710,261
4289,318
2724,315
4051,99
3321,17
4199,234
1983,376
1912,204
2552,153
2276,86
4179,61
4223,98
2624,46
4016,108
41,67
195,260
3288,12
4,407
3023,232
4041,36
2375,21
481,153
875,276
469,384
951,391
3220,26
255,54
4441,308
3512,299
379,47
151,285
4191,289
1403,98
579,148
1231,398
3902,93
1109,279
2958,174
1253,368
4245,406
4302,121
2487,317
1406,134
3177,86
3260,143
4433,62
1471,155
3803,411
2692,332
3331,60
641,151
2181,158
1289,27
3613,343
3351,160
2921,120
4049,45
3783,396
2083,256
3343,156
4481,366
2432,260
2727,48
2671,152
1502,141
3538,165
486,331
1050,30
285,63
2357,337
3819,390
2781,385
1476,42
1250,186
457,259
1410,281
2739,222
1671,377
1202,74
2156,171
3713,82
3797,291
4452,301
2206,381
3257,240
781,178
3229,256
2305,77
2781,159
826,81
1225,119
1727,106
1008,110
4053,30
1614,279
989,332
4497,389
2037,350
446,298
3563,341
918,167
2948,344
4007,103
1228,46
2972,275
3926,4
174,404
2660,51
1002,403
3873,375
1764,408
1810,111
1473,87
468,213
596,219
4382,281
1383,111
1878,289
3822,205
3730,386
2751,112
2859,273
1408,324
3747,196
4382,154
4071,82
3019,15
1568,204
3892,291
1767,185
802,240
2812,354
3144,50
2762,146
3430,137
3849,110
4094,252
4291,384
382,123
550,269
1916,22
1781,150
2833,412
1430,319
1969,400
703,262
3769,62
3160,92
3479,178
3522,26
763,410
3032,175
162,11
2,294
443,283
2879,301
2358,108
1599,319
72,248
473,45
2588,348
4244,214
3330,69
449,242
1807,306
240,362
2384,97
4045,330
764,218
3098,415
3485,247
1597,183
3197,362
1413,260
2892,126
2123,85
2727,246
3844,147
2522,266
4226,389
3496,91
2976,130
3974,234
13,409
71,28
145,144
785,30
4391,138
3615,88
4245,345
83,311
3685,319
1426,9
4474,206
2153,293
3053,126
1149,246
374,304
619,169
3365,322
3294,162
3496,214
816,329
3405,162
2751,336
4104,160
1230,179
3991,207
3713,101
3653,77
2256,22
1277,238
2784,394
2717,386
2149,196
3584,19
2734,125
288,26
997,292
2910,395
1522,150
679,152
3562,353
2540,138
4241,274
2354,139
3863,277
3200,33
2304,70
82,296
4169,67
3638,4
1066,119
858,246
1182,289
1184,277
4261,201
1483,163
83,178
455,33
2985,220
899,64
1294,344
3375,72
270,361
1913,143
2641,191
1816,192
904,10
1674,381
4114,344
3361,221
3729,239
3390,244
3077,189
88,211
3777,94
2181,93
1011,63
3729,20
1056,363
3,179
1423,270
3804,285
2124,289
119,208
989,162
3572,59
3281,397
1797,343
2031,52
148,34
2978,102
3889,201
3660,203
2240,8
965,277
4220,30
253,81
953,228
117,306
1395,331
1014,373
3696,375
2094,325
3341,218
2310,269
4073,253
765,4
118,340
3785,196
2631,31
4275,125
1278,51
3875,379
3737,189
3780,277
1711,138
3260,55
2886,181
4321,175
535,6
1246,95
3175,98
4133,116
1193,20
712,122
583,99
4137,174
1625,352
507,268
1077,166
2120,114
955,114
226,83
623,50
2833,162
1160,213
961,78
3261,29
3712,263
3876,405
2867,89
3176,55
647,279
2339,235
3579,78
3205,67
2929,172
1047,155
3291,156
583,3
3712,333
4270,234
153,8
3506,215
951,286
471,201
2858,382
352,35
1177,307
2898,245
2577,320
191,132
2522,177
2733,281
628,288
1668,206
3359,193
4360,279
1961,78
2246,324
854,93
2441,264
3877,386
2421,233
3117,227
1488,122
1433,243
1335,146
2281,181
1739,274
4179,174
3216,98
4364,334
377,308
1601,147
1171,275
4360,247
4172,271
3663,127
2426,395
3875,233
2844,340
4195,135
3518,95
2933,376
1151,300
2539,370
3555,311
886,129
1728,90
3242,5
3143,260
4050,13
3486,7
522,314
56,17
3785,401
3328,115
1124,317
2099,52
1679,59
2677,143
3138,309
988,356
133,358
1688,180
2868,126
2726,198
3978,27
2648,340
1968,395
2513,169
344,218
3007,148
525,339
1185,223
1205,326
3426,274
2138,32
1009,99
3994,33
4040,99
3958,195
1151,156
320,204
421,374
2748,84
4022,116
3445,218
4172,297
4061,102
1914,11
3617,121
2576,267
3111,246
536,256
823,177
3481,94
285,21
3335,368
3560,121
3537,256
732,308
2106,136
1985,275
4421,211
2964,192
3106,75
3933,17
2781,378
721,393
3516,224
103,333
2552,295
195,334
2889,321
2716,244
1939,383
2700,15
52,271
1930,199
1824,63
3421,249
4155,158
3510,413
1094,325
3170,344
8,297
436,78
163,121
1416,122
2358,203
496,151
3135,358
3878,77
866,219
1026,41
4039,23
3528,271
2725,275
508,230
2925,410
3369,143
153,200
4007,14
1804,145
3366,85
1222,116
431,86
2793,215
896,33
1207,308
60,320
227,286
1467,415
4166,223
1056,381
3304,135
3927,283
2744,190
2208,113
2497,264
3237,151
845,177
3237,365
2285,236
248,237
2294,377
2690,202
2629,335
458,221
776,341
1010,288
2602,52
946,87
1834,233
2988,293
1345,103
994,357
2398,288
1943,343
1018,365
1858,410
2525,236
1852,289
672,73
3290,106
1419,67
2262,36
1276,3
2659,79
535,394
3455,347
3844,253
1733,215
3281,314
1952,196
2068,249
524,231
3609,259
60,249
2720,155
2393,17
1686,154
3183,368
2382,48
3289,79
1779,325
4050,382
1187,149
389,163
1435,138
801,401
2964,396
799,320
2633,78
1039,336
3696,136
2187,125
2828,78
2636,320
2517,335
3948,101
2918,213
805,308
2961,82
3710,264
2710,385
572,132
1597,80
4257,400
1304,326
3542,208
2425,217
634,187
3309,293
3342,206
2149,104
4436,306
3316,66
3757,41
314,362
3903,245
2068,295
224,189
423,23
2829,67
291,289
1610,203
3242,72
1233,329
535,108
444,317
2704,332
2384,306
2836,256
2340,89
2802,398
3974,46
2525,262
1786,350
403,55
521,61
743,159
156,39
3412,222
839,184
1398,194
3168,55
3020,198
1127,19
2731,351
2668,307
3054,101
1353,278
2389,215
898,315
1016,225
3080,113
1339,366
3295,190
433,193
323,236
1201,155
2332,113
412,314
3342,362
2633,315
4064,285
1318,7
2221,203
486,10
1031,99
2059,57
939,288
3038,392
242,49
3673,43
4236,12
4057,5
2763,287
2614,129
808,175
3682,51
231,351
2054,2
4160,150
3983,131
2230,212
2423,326
714,284
4126,181
3325,42
4316,90
1146,166
2389,304
4057,185
2045,335
688,261
411,197
631,274
3695,29
1780,45
3961,248
1790,71
3987,233
3367,41
4243,90
3479,124
2875,85
2923,122
3631,155
2878,263
3753,363
3508,183
3913,411
43,318
3000,323
1301,220
1980,107
781,370
3760,151
1400,155
2933,294
785,148
1353,370
3999,165
3825,85
4135,231
1611,304
1086,202
3677,71
2179,199
123,331
1995,131
2027,29
3150,51
4170,397
1856,4
4053,10
3986,344
3337,144
543,95
888,3
2282,281
374,97
2016,305
1909,252
700,202
2010,207
1249,227
1571,274
2435,333
3851,119
3745,241
3748,114
472,161
2402,327
108,297
3831,205
2775,138
3557,131
3460,234
1546,276
1256,138
392,35
3837,124
2122,315
784,165
87,32
639,393
2109,248
3395,384
2637,398
4389,341
2137,17
3616,270
2502,62
629,32
1373,159
2102,294
3812,91
2018,28
1766,270
2969,103
193,258
1482,191
1819,290
2883,98
3606,110
360,401
4308,299
3454,214
4290,44
4434,196
1650,251
209,54
397,315
3449,323
2833,47
1062,78
4099,73
635,138
1886,107
1004,379
4466,401
872,240
2348,178
1889,397
1102,350
2198,39
578,202
124,239
1567,219
1441,160
3198,365
3084,128
3261,246
3376,198
2215,413
1792,331
2040,332
2493,170
3095,151
82,229
324,246
2654,50
856,109
200,379
164,143
463,342
2598,210
713,253
127,242
485,157
1131,183
1019,167
4348,161
3052,369
1721,13
4386,284
1021,369
1651,190
985,169
1317,283
3198,212
3653,207
107,363
2036,411
3518,357
4327,341
1981,272
229,330
2203,228
1495,137
3213,12
1504,227
3597,352
2019,262
1277,266
1285,379
3180,272
1331,323
968,84
1694,157
1957,298
4,152
3867,149
1803,328
1026,107
3496,140
2740,406
3033,58
1886,111
1593,69
1582,355
2424,364
1398,248
4295,110
3298,383
1150,340
3170,125
3934,43
2456,117
1009,168
676,269
541,376
3467,152
3272,5
3108,222
2438,151
3704,385
4393,131
120,49
941,71
1002,304
1924,137
1057,89
2099,320
1758,174
19,43
2971,408
3373,341
1254,6
509,371
859,371
79,163
1803,309
4288,9
785,233
2651,210
3016,89
250,143
1560,339
409,208
700,28
201,115
1182,270
2279,403
2813,53
2162,254
492,395
1493,240
4351,253
3832,348
1206,134
3597,68
413,53
904,120
4330,30
2229,367
3256,407
1599,342
2678,91
3615,237
1895,188
1869,319
2693,278
2207,204
1458,102
3121,80
1567,412
3300,244
3350,412
3582,192
3806,86
964,50
3833,67
528,174
2377,356
1304,87
2270,184
2448,324
2161,313
2944,82
2632,169
151,355
811,381
1668,158
582,231
584,165
284,241
2948,179
556,158
3374,177
3402,225
344,50
208,300
643,356
4315,371
834,223
2265,295
726,196
3675,264
3424,404
3310,33
537,313
3203,326
1889,412
2514,184
4021,121
2661,191
1427,281
1616,373
166,226
2439,298
3615,64
1884,167
3236,58
862,85
2517,229
453,211
2649,240
711,286
4250,330
1636,320
1692,244
2723,147
3617,204
689,60
2090,372
140,99
1747,54
146,89
1865,186
2769,215
4343,167
4039,209
4269,16
2751,101
100,233
3869,19
1457,316
1590,242
1880,191
3260,286
1254,22
1235,328
1549,206
1307,20
1311,117
2196,3
3956,294
587,365
4387,131
213,35
3921,244
1597,1
4346,159
2726,32
3789,90
2203,218
208,195
3998,88
4432,281
2926,103
1974,282
2811,293
843,7
1361,44
2496,65
3541,404
1721,4
913,310
770,361
1707,192
4426,34
2509,303
1653,208
1438,216
3108,70
4487,16
686,397
1602,264
3534,55
1873,246
413,338
4012,144
4369,51
4148,229
1421,148
3236,272
723,256
899,18
36,291
2268,232
3511,247
2977,330
4490,315
1156,340
2150,4
527,392
696,184
1313,283
3171,387
1885,141
1458,29
2295,274
4026,285
2777,370
1444,141
1659,312
2755,98
1849,375
3856,132
1669,94
2227,182
3709,149
2419,64
3059,98
1849,284
1779,321
1654,385
4116,248
3082,336
3848,406
326,319
2481,105
3675,132
4323,39
4253,155
4409,218
2247,149
3572,305
3523,181
524,82
3849,161
2742,274
704,283
4470,365
3730,243
1226,297
391,262
813,275
3198,157
1211,156
1703,311
1595,213
339,403
2444,259
1,289
1926,67
2543,166
2073,177
3074,242
870,87
3440,59
3515,332
3392,252
1961,123
3516,63
387,73
785,100
863,110
2837,62
4182,185
2531,359
373,263
4463,345
4372,205
2443,219
1455,387
1778,383
3960,122
1778,327
175,308
393,329
2399,256
1529,353
293,320
4482,320
2913,64
3222,127
900,104
4112,78
4404,166
278,200
1884,250
2044,98
1219,137
2253,29
1273,104
1717,330
949,281
1060,93
105,209
1435,7
1397,215
3525,245
1083,230
2884,219
2051,5
1970,254
2732,330
101,211
2042,347
3135,123
4398,356
815,208
4240,415
668,39
1177,217
1008,232
817,32
4221,409
2966,410
875,375
4423,344
3629,302
2795,137
4088,6
807,337
1308,256
2612,245
3914,126
2521,155
3406,134
4224,56
775,263
2795,256
3143,404
2230,308
3609,348
4187,330
2138,345
3602,368
3468,58
1842,97
1305,249
1444,401
3875,8
113,264
3101,106
3245,13
173,9
3229,372
2640,74
3599,138
3895,107
3191,273
1827,214
618,372
421,324
626,123
3395,70
1056,21
662,114
1645,313
1870,117
4008,221
290,202
3015,357
976,260
335,49
74,166
2888,189
866,321
21,159
170,272
1641,108
2145,257
4333,22
3206,393
793,167
504,110
121,413
4371,86
1359,48
1276,264
3284,246
3151,43
1819,197
3311,176
1219,195
2140,94
1784,42
2775,315
2582,75
4218,404
2958,31
564,47
519,191
1442,28
1107,301
4094,198
752,138
3348,241
757,222
3233,157
3593,333
3512,53
2287,8
191,339
951,116
256,390
3087,217
3635,16
996,161
3793,161
571,237
2361,407
2218,155
1383,322
2652,244
752,196
2593,403
4454,132
2204,73
691,358
2706,362
402,321
343,179
2007,241
2842,347
2491,245
1125,202
2101,283
3914,5
2050,280
4227,365
2871,320
2621,84
3405,298
2189,45
1760,220
1901,116
162,342
3040,155
3002,120
865,112
287,243
1918,345
3221,110
2092,353
658,135
2013,338
3326,352
3681,369
3981,189
4270,114
1066,31
1140,278
2806,146
3801,175
497,198
3959,42
1208,114
274,55
938,305
2988,126
1515,349
3973,302
1626,255
3802,345
623,325
2867,230
2579,277
2218,76
478,336
3553,122
372,99
4382,173
190,306
872,280
2013,404
425,374
4089,19
1271,384
2437,232
322,396
3609,182
1365,44
411,262
2265,319
4067,214
1275,217
1056,34
3990,91
2528,174
2140,157
4135,364
2466,29
3060,261
1692,219
1924,11
3235,392
3845,277
3618,255
2799,84
1098,381
25,57
4135,270
2496,25
4318,144
1945,388
218,170
2651,129
3405,314
540,150
1662,265
2893,8
3517,182
26,93
464,213
2080,103
1409,398
1343,342
2920,105
1566,368
1035,78
4135,279
4313,222
1178,404
1792,395
4488,371
1667,59
2463,348
359,308
2899,76
2247,40
3421,90
2869,83
719,347
1671,356
4365,266
127,202
1603,35
1220,79
4336,145
3551,241
2150,190
1945,42
2679,392
2337,415
156,228
783,40
1387,30
3989,128
3374,148
4321,5
4041,208
92,317
1225,194
3730,343
4469,359
663,240
1998,183
2721,75
1661,108
1241,260
2543,264
3598,301
3495,352
2226,76
2599,268
581,247
1238,337
124,65
508,35
3416,335
2837,60
3603,413
407,353
1082,239
1633,311
1238,166
3731,407
2108,222
3035,75
857,156
211,232
983,112
4169,82
1734,400
1031,177
2298,319
502,176
3418,217
1131,155
2143,92
1632,313
3572,3
3124,62
1903,342
4280,290
2615,353
2498,317
48,158
2489,185
2203,26
3352,275
810,338
1320,46
251,325
1154,183
4275,269
404,361
4198,252
196,107
2623,144
2029,335
1398,308
2894,19
799,26
2861,185
1259,252
43,132
3687,202
4319,95
562,268
3700,398
2691,303
4436,258
2310,229
127,36
1844,15
1818,309
627,279
4101,198
2628,128
4183,241
4143,215
504,16
293,247
2698,360
1596,205
1062,233
1521,228
4211,297
3344,401
274,226
2526,354
2711,16
614,256
3411,132
2366,290
3935,170
1440,11
1484,186
1917,389
1003,270
2070,343
1816,396
947,51
1604,327
4119,74
2405,241
3716,376
3894,318
1056,112
1467,368
1408,36
3367,264
3661,92
3879,112
1476,282
2828,157
1973,296
204,94
1252,28
1074,187
1823,308
758,264
4099,64
1618,2
2095,126
592,362
2067,184
1193,153
792,44
1626,397
3586,227
1472,80
123,156
2422,203
4045,83
1955,176
3539,302
3627,62
1590,128
501,241
1690,264
3411,385
589,22
1275,344
4427,133
301,361
3149,310
6,8
3349,76
100,124
2845,12
2527,358
3720,247
3648,70
93,316
1819,92
684,223
269,303
2186,292
536,391
2114,106
417,340
4157,346
4005,225
2832,97
2924,402
3215,60
652,298
1827,412
3161,231
3235,187
4150,8
2387,323
1136,210
1948,121
2257,18
2750,331
4346,380
2389,49
1687,275
343,355
3187,100
3961,390
323,5
2220,315
544,275
2460,304
172,334
953,281
4406,102
43,234
513,380
1617,275
592,205
2240,130
3870,373
1111,192
807,186
243,390
544,185
746,252
3844,368
1342,399
3073,51
4367,367
1215,246
105,250
3908,220
2967,109
1667,58
4324,347
1607,105
355,64
4261,238
4072,228
1745,87
1340,61
459,36
90,168
3393,412
4400,33
2719,37
3027,400
2477,329
2250,255
3786,124
1431,16
3567,338
208,132
2804,403
4111,338
2888,16
4169,380
999,185
633,247
2367,149
4486,171
10,119
925,58
3622,398
2621,68
2194,294
3538,131
2299,162
755,251
1131,204
3165,363
952,108
789,271
1712,125
3614,228
1341,207
3359,224
3358,239
1473,275
3483,378
952,402
2819,83
805,331
2401,207
4472,60
1955,389
2747,56
1025,201
99,224
80,86
1229,261
3179,56
3346,105
3446,98
714,55
2683,333
1784,283
2365,19
2277,407
361,397
3273,74
3909,33
2602,62
735,143
2828,333
959,240
2989,6
4202,323
3164,251
2905,96
1711,70
4267,66
2999,21
3748,164
3781,64
4359,31
1427,228
2301,143
740,274
2257,103
1534,134
2264,52
1690,139
217,362
4298,145
2866,10
2788,281
1213,397
2887,180
1155,329
1640,299
2858,47
2090,7
3168,26
1313,304
3056,96
803,202
3846,414
3248,41
793,328
4233,230
2687,27
681,50
3459,316
2662,275
347,162
844,278
474,137
2305,385
628,116
2810,404
2513,40
785,73
2330,354
1148,202
4314,9
1121,171
851,402
3161,58
3611,42
12,228
1564,233
3554,377
1384,395
2991,399
4241,187
2702,94
3685,6
3068,46
892,12
129,305
1587,108
4304,235
1126,268
208,321
356,102
3063,395
2854,334
448,323
3036,226
713,207
598,79
2851,386
1938,18
2351,255
629,58
1267,302
3740,212
1302,357
1584,305
4269,350
2144,181
2453,268
5,92
752,314
399,67
507,85
4293,55
4306,176
2052,250
3296,251
3287,170
4247,290
3215,415
3334,307
507,170
1178,326
2534,193
3822,383
1422,292
2850,14
977,322
777,218
2053,407
3950,161
3349,314
4287,229
3716,91
888,239
768,175
1047,59
449,305
2925,241
3533,96
3924,9
1999,233
4340,157
1708,393
3621,202
2562,73
1868,167
3454,100
774,382
729,150
2757,174
3915,41
3647,116
3363,367
3253,19
663,97
1105,325
4392,76
3147,81
1119,407
374,263
2532,293
4291,303
2106,411
810,16
300,277
3346,53
2724,214
2221,322
1890,374
3193,305
2679,5
758,330
1202,92
2555,77
909,340
2771,147
2147,274
3796,39
846,152
3976,9
3075,211
4390,7
1629,236
3867,197
4480,168
3112,177
673,350
3909,204
3106,281
1964,344
3687,273
4466,11
1646,4
2098,284
2760,248
589,377
2509,365
1302,189
2672,403
4236,407
3114,83
3005,196
1710,31
96,183
313,330
828,192
1583,76
1603,340
611,273
796,154
2539,140
299,402
1016,86
2255,41
3507,215
2513,11
2998,177
1292,147
1089,342
1561,341
1687,2
3807,103
3013,212
4135,316
1836,34
1780,340
1227,246
2957,162
1620,213
788,15
1053,304
3807,294
1797,294
2165,121
705,275
1219,287
3386,299
1847,372
3810,142
351,234
1269,40
2207,316
536,15
3868,339
2924,376
1271,172
2966,377
2951,46
1999,286
1267,26
4202,290
614,107
3211,375
2633,320
3589,153
4425,127
2500,163
725,412
34,14
3438,271
1149,141
3066,25
713,251
2483,230
48,211
2815,191
4445,175
1541,394
2151,305
2024,162
140,346
1270,49
1637,44
1836,161
3388,211
1149,119
2156,295
2430,348
312,325
4280,179
533,282
887,63
1147,125
2342,352
2838,241
2949,366
783,297
2098,155
860,116
2566,29
2808,171
2816,123
4067,258
1749,177
3754,280
3020,70
3374,191
3723,404
2443,407
2298,69
1884,404
917,78
1717,204
2756,77
3855,45
3776,53
2549,127
609,59
4224,194
725,163
3034,272
4392,383
2083,164
1244,178
4049,353
2977,62
506,197
2875,117
1264,211
3118,273
438,231
1807,235
3502,139
273,70
3267,251
2582,394
2939,211
575,337
3240,83
2249,104
330,349
1418,387
1268,245
337,315
151,185
51,294
239,131
2379,243
4161,345
3843,115
700,127
1863,198
3523,133
3462,2
1632,302
1145,39
4261,12
3849,362
4262,119
2579,302
226,158
1755,115
2206,326
2982,261
3157,375
3252,178
1828,137
1633,339
3810,333
715,279
3344,164
2311,364
2798,10
1512,364
1477,114
4234,94
4370,71
2861,26
2054,346
2211,361
2471,253
4287,155
823,62
3044,89
2021,133
3003,72
3827,228
1155,63
449,13
778,136
972,296
352,179
1675,409
4440,142
4371,213
4072,347
3953,272
3011,250
959,267
61,165
1019,223
3815,54
3399,31
411,88
1234,267
984,264
2799,129
2849,145
3641,370
209,240
459,296
3110,79
3303,353
2215,108
2777,54
4258,271
641,377
3105,222
59,248
3319,150
581,369
814,262
3080,261
771,77
273,308
2529,202
3386,300
160,40
4497,411
3060,32
656,398
4064,281
2921,48
4278,9
3939,225
1293,255
1602,290
3481,350
3854,256
2419,37
1930,226
3494,210
122,4
504,267
3318,158
3365,171
2908,314
553,196
4081,28
3386,296
995,311
2801,177
742,380
2160,66
623,21
1033,180
3427,192
4419,343
3148,355
2032,62
2129,183
577,169
2332,343
3691,103
2835,19
3540,308
1617,63
2839,147
1132,145
4048,414
1319,207
3556,59
1157,284
4160,229
1770,401
445,177
2831,60
1979,215
3798,179
2226,41
637,35
2440,69
788,29
2174,197
4185,263
2820,357
458,217
1813,308
2527,106
3826,164
3501,97
543,24
725,47
3496,214
1116,249
976,249
3723,312
145,184
415,29
36,378
2352,112
3779,339
1186,285
3926,206
4203,78
2704,254
2118,128
3661,232
307,332
2744,222
2692,83
112,166
3242,49
1483,196
819,124
2330,385
3846,143
2368,301
3963,69
2056,245
1947,329
2123,36
1707,398
3614,213
463,23
3845,272
3912,383
2491,266
1395,98
2525,93
935,91
545,122
4232,410
436,250
3701,366
158,159
2089,182
278,283
396,302
271,405
451,115
3575,374
2937,281
1033,113
2977,93
2321,316
3116,93
580,5
594,192
3085,219
577,370
651,105
1298,298
3067,157
2660,63
1780,157
2087,162
658,47
3206,193
929,146
2275,249
2056,71
1356,362
1263,369
2870,205
3067,370
1903,161
4052,164
3038,45
949,47
3016,234
48,342
1342,273
4447,39
4300,318
3913,248
1120,197
1377,218
340,249
3927,239
1981,230
4140,78
3789,232
1019,137
1681,315
1601,355
1748,90
118,178
2100,81
3704,384
1921,242
1522,23
3744,270
2287,382
3259,3
2104,385
127,251
3081,148
686,140
2608,139
2848,270
825,277
3331,57
3145,133
2792,5
1568,170
621,270
2763,290
2950,330
2649,363
2760,315
3007,360
3694,296
2659,239
1686,378
4281,199
772,287
2267,334
2490,291
1780,318
902,204
2781,138
2947,214
2202,301
41,62
1679,347
969,110
1740,87
421,282
3679,302
1816,277
1698,68
3266,129
1943,238
859,54
3730,292
1132,48
3096,179
3494,356
3722,69
1903,218
4224,13
4491,171
2430,252
4129,323
3224,345
4282,127
946,366
152,11
2742,53
2669,25
4079,166
430,412
2827,225
1920,328
318,25
3344,192
316,178
1324,9
1343,79
3908,381
336,396
2473,200
857,153
501,401
1313,107
216,159
3839,376
2307,327
2887,35
323,246
1718,167
4337,76
1913,30
2416,390
736,101
130,152
597,206
3087,66
1425,265
3725,317
248,133
917,240
1060,183
2361,263
66,227
3338,101
795,74
2261,351
202,66
837,263
2239,397
579,172
4171,86
1004,276
3531,52
2965,15
1413,214
3478,11
2681,170
247,60
1061,227
69,252
4458,16
2183,96
1904,145
1909,271
399,117
2947,225
663,32
808,328
3237,52
2001,14
1050,274
3899,21
2724,295
812,144
3755,182
3129,249
2426,334
76,168
327,101
3581,337
3065,37
4237,165
3341,23
399,245
436,43
3913,328
1096,399
4389,260
4127,120
1877,289
2207,204
2836,45
1908,360
2882,137
2384,113
4432,198
1739,340
896,337
597,382
4249,317
1330,309
1114,378
1402,194
356,16
14,361
1578,121
2043,45
231,40
37,342
3980,229
21,275
740,307
66,255
49,86
73,92
3771,55
238,344
1920,191
1220,391
445,312
1544,128
2340,369
638,96
693,115
3030,261
2793,371
3498,227
283,178
821,379
1293,91
3809,253
4205,101
412,404
490,115
2880,149
1490,406
4414,48
2271,14
2171,136
2630,108
1028,131
3121,150
4414,225
1757,267
4382,376
1052,86
2495,189
1731,275
2170,298
2652,125
1258,194
3260,133
3216,133
3606,40
794,241
1903,173
695,403
4413,389
2745,182
2054,94
43,320
1099,131
3110,412
3846,214
2737,110
885,346
4195,109
3550,188
3303,28
3678,200
1215,56
4331,216
1844,224
555,315
3960,248
473,248
2659,53
2660,245
4135,36
3931,316
1976,156
3337,123
3635,169
1357,170
3731,362
3642,283
3409,21
3450,28
2149,156
3668,113
317,356
3332,308
4119,203
566,48
3188,201
209,13
2936,404
3785,25
2099,106
2706,321
636,26
3995,339
2041,385
3983,403
912,162
557,411
4002,314
4259,414
2400,104
3162,94
52,237
4108,257
2023,357
3149,233
1451,377
3145,30
1902,218
69,300
205,225
2146,329
2560,407
4162,138
2591,221
2208,370
665,360
3024,193
4355,35
1949,202
2367,330
2360,396
3088,69
3478,191
1648,148
1930,204
1657,170
449,403
1297,353
532,120
81,63
4184,227
3447,211
2144,197
2947,99
3600,254
289,54
3722,91
2796,392
1029,357
906,149
397,207
1028,313
4285,166
4200,135
1430,209
81,187
2261,27
2139,247
4292,285
2188,252
3392,91
3041,97
4487,42
1975,197
2770,8
797,321
4380,283
1923,16
1345,37
2937,107
1291,228
3751,14
3041,126
1432,151
980,15
1925,19
431,282
3446,16
2795,350
952,166
1306,65
2227,129
919,124
2906,41
3916,101
1681,108
1812,55
143,384
2568,325
3663,180
610,360
2259,383
3570,326
3801,322
1134,364
3998,404
1318,363
3246,406
1447,71
2333,161
1200,140
3601,23
383,43
3620,49
3188,175
1494,83
456,92
1186,363
2513,98
516,385
4312,361
1069,371
3073,237
55,75
618,390
4442,151
2013,210
2922,208
1576,279
894,248
2320,324
4499,105
2250,322
3936,66
2,189
2303,137
4268,251
2955,273
2350,178
676,113
2498,189
4127,392
3372,204
2419,102
3767,224
1969,210
4393,376
1553,252
1532,280
1269,340
1925,107
2296,69
3027,121
3662,85
3977,361
1951,196
1666,272
3232,62
1480,314
1540,353
1105,242
1170,51
882,79
50,140
2132,253
2092,194
3651,98
1778,339
3127,248
2623,403
3571,80
791,111
3594,149
3432,395
3622,119
100,180
2741,389
676,39
2666,258
1066,121
4309,342
2003,91
3961,356
766,279
3038,7
4081,83
3233,224
2587,24
342,189
1059,392
1825,350
4456,16
2100,168
993,213
3428,153
3234,339
2626,327
3434,35
4366,372
4018,219
1587,85
1711,194
4108,11
3781,284
3681,39
1534,337
1136,368
4023,222
3884,393
2986,205
3081,413
3678,225
2320,157
2841,409
348,357
3885,74
541,181
3744,66
4493,288
1120,38
972,349
708,76
1507,344
7,352
3762,43
3951,362
1564,253
3576,178
529,127
821,333
2737,303
199,310
2129,281
2200,90
2453,383
3378,128
1324,167
2814,150
1699,243
3475,116
571,115
561,262
1556,388
231,69
4407,230
1280,267
4267,99
537,37
4481,27
2938,354
1435,215
1441,183
1617,259
3955,131
3079,216
2622,2
2366,380
2112,88
3857,256
757,175
1229,250
1969,145
3534,89
836,68
123,363
2481,335
2176,304
2089,235
1364,19
4251,291
2743,230
2233,332
656,3
2592,43
1170,92
2363,216
2055,138
785,47
778,45
102,255
1971,319
1832,167
613,142
1823,400
2347,168
346,278
109,89
2541,220
2548,378
3846,2
3867,76
4461,340
158,176
802,267
573,226
2328,48
3654,363
4388,57
1875,108
2010,343
3796,19
3029,129
863,400
2430,261
859,58
1494,368
414,83
2344,55
152,301
2464,68
614,377
3538,102
598,362
3762,177
4385,219
3054,71
582,237
2571,228
710,178
60,118
4364,184
4467,361
3151,121
2381,329
1811,372
1953,406
2163,61
2293,304
2851,383
2041,219
729,90
3337,131
3709,371
2326,26
2705,304
3645,245
2741,97
1949,19
458,222
2006,406
3414,271
482,202
1609,178
1202,386
3114,119
699,376
4370,413
753,231
456,214
235,206
1774,118
2829,283
469,257
2983,333
2525,46
4134,85
4136,61
1799,59
3512,309
3239,208
549,238
159,95
797,124
2854,183
3069,273
2495,196
3995,58
3010,24
1187,11
4435,286
906,145
1300,59
24,334
728,358
582,171
3789,174
754,32
3671,334
1615,414
1287,357
2710,200
2665,372
3900,25
2644,380
2032,102
4106,154
4410,37
1433,343
1865,130
1746,119
3269,329
2596,235
374,268
1593,91
2272,246
4441,242
3736,323
4100,392
3976,94
620,307
2106,381
3433,19
3778,272
3609,107
4221,273
3883,385
343,201
341,266
1804,339
1574,373
987,397
3117,243
266,339
3554,229
3976,278
1196,50
479,351
1066,327
3193,414
2363,313
225,398
3390,411
3788,14
1408,125
4339,180
1383,28
3891,252
1911,121
223,262
3778,206
2284,181
1876,225
3593,131
3853,94
379,380
3822,329
2104,86
1709,285
3454,408
3872,344
4468,195
2045,387
359,355
3454,225
3808,347
2865,287
214,91
2384,57
966,326
2565,60
3609,241
3365,184
3815,86
3091,217
231,35
2573,84
3645,182
4109,153
3544,188
2530,105
3540,79
3769,134
2548,23
2169,36
3389,212
3375,300
1319,318
1774,235
616,402
4178,407
2969,347
4330,306
515,21
3160,193
1983,230
1169,192
3355,278
2055,168
2679,96
2656,132
65,326
2559,334
2817,223
944,402
3952,381
2954,182
2319,231
2846,143
4169,413
3761,351
953,230
1204,198
4470,395
1095,26
2768,106
2769,375
1123,367
4470,178
1509,321
426,89
2336,390
864,402
2410,114
3663,271
2566,70
3645,50
1521,228
1726,218
780,397
4385,371
2146,174
3034,164
3923,262
296,231
2876,205
3036,169
22,281
1836,218
165,273
781,117
176,34
3022,188
4227,326
844,244
2094,214
2789,414
3163,188
781,368
703,187
2481,44
3100,8
4131,368
219,179
2948,281
3029,398
2928,1
903,343
935,236
3345,212
2399,34
1566,301
2910,406
3845,220
3589,63
1728,231
939,351
288,43
2140,78
902,106
2632,236
43,243
3119,276
4471,153
2609,123
940,161
403,291
4309,354
2605,179
2514,136
2020,275
3184,119
4084,150
798,322
3859,270
1721,138
400,330
3853,236
1698,110
407,220
3193,177
1682,88
482,67
3397,148
1114,300
3849,380
1423,290
1711,365
2421,129
435,83
3131,362
512,272
799,336
10,164
2006,337
4269,94
4282,139
471,17
2168,66
448,31
662,255
1803,55
2725,212
3607,41
2938,96
2480,407
1722,180
3118,118
108,84
3751,96
1132,141
2919,236
4080,99
3787,304
483,159
1002,62
1367,146
983,372
972,257
433,407
2199,141
3721,18
948,277
1586,159
2720,345
1508,239
1906,401
2330,150
3404,269
4138,363
3569,78
361,98
4155,316
2425,100
570,231
941,328
2543,117
4458,112
1489,403
2045,136
1661,68
888,133
3747,120
3511,216
3968,300
3426,120
3165,258
2649,70
4297,320
1056,266
3949,253
3559,107
1276,360
3600,213
3202,221
3444,34
4005,77
302,113
4106,140
3968,159
4237,42
627,294
4469,284
775,216
4456,62
1904,86
329,137
1152,182
3840,307
2318,141
3746,140
1044,234
1143,4
181,57
1611,157
27,157
1922,373
822,77
2419,82
3672,340
598,181
229,347
3815,21
27,216
1036,310
2818,280
1655,186
1162,395
3793,302
1527,231
2027,117
1231,114
4276,391
3381,104
2548,53
3147,238
952,8
3624,93
3335,360
2707,86
159,40
3103,157
3320,23
1122,130
889,243
3697,252
18,288
1757,191
1155,298
3871,22
366,308
3902,3
3620,300
1616,399
3890,275
3225,55
1110,13
1065,226
3955,136
3967,10
2748,114
3251,257
2856,1
886,106
4444,225
4500,344
398,241
791,294
949,44
3946,233
1713,233
1618,410
3060,278
447,156
3852,146
2577,163
108,7
4090,189
3634,16
630,254
802,207
3578,390
1320,354
429,231
2974,308
679,326
46,164
553,392
333,40
3743,374
4093,162
3869,301
3310,273
582,344
3382,333
2378,226
4410,238
4325,254
3940,391
889,157
3201,132
1958,243
4392,27
1503,350
2659,258
2177,143
578,408
4361,346
2713,414
3464,151
1392,67
3381,90
3961,228
297,176
2408,120
432,225
4024,250
2284,98
1930,25
3950,28
503,284
1,304
3327,175
2845,62
3415,278
4481,289
72,290
281,249
4226,137
1173,317
4127,3
3566,19
1761,370
3068,55
1054,221
669,333
1463,100
4258,303
2787,152
1941,327
24,146
2582,311
3750,71
3945,50
42,201
1109,296
3233,393
2973,323
1861,240
989,162
3181,366
448,101
3967,83
4072,125
1081,269
2000,146
3922,120
3487,201
4105,54
4089,304
585,208
3205,63
1561,394
3962,257
3525,408
4044,29
1508,103
2423,390
2408,350
3835,192
1132,376
4423,255
2845,53
1591,347
3189,254
3149,279
2055,23
1359,372
1468,11
712,101
1203,363
2816,271
2750,17
421,63
1381,42
655,212
1777,215
1371,369
4354,334
1821,3
3078,325
2974,293
3893,223
3763,278
2959,348
3590,223
3762,380
2965,81
282,6
1687,239
298,278
457,208
2151,412
3159,231
231,415
1487,310
4000,136
4256,403
4297,7
779,415
2726,293
1490,192
821,207
2112,391
3123,162
2842,83
1322,327
4301,102
3239,288
2757,57
901,57
4144,412
4310,148
2745,39
3247,156
3488,266
931,266
2856,223
2520,387
3631,355
3686,214
1915,35
4167,356
1542,177
1199,189
1419,56
369,294
4029,376
2321,254
109,401
1563,295
781,303
3355,380
2693,20
2632,414
4435,181
1899,297
3240,208
2017,365
787,47
2689,353
4479,111
3264,118
439,183
15,159
3080,401
2441,193
2892,321
990,375
1087,272
3106,337
3432,347
827,408
1712,38
3506,146
456,314
1788,267
3313,224
3707,290
2411,26
1646,203
3630,67
3871,112
3088,267
3361,213
2238,282
175,376
47,289
2412,94
1512,336
2942,195
2915,95
3895,250
2145,31
522,235
4342,179
362,211
938,139
133,415
2490,109
1234,216
2651,10
2702,243
1616,361
4141,208
898,363
1096,388
655,356
2610,55
4309,157
2781,69
4270,89
1060,153
2229,25
2318,310
2210,34
2051,219
1047,17
33,72
1444,114
1329,169
3713,212
2547,265
1344,77
3161,165
701,279
3500,99
2757,99
2385,336
3449,386
1349,216
4333,173
3047,68
4217,327
1172,345
2892,318
193,194
2786,283
909,123
1937,217
1207,311
2481,335
1604,290
325,404
287,29
2651,181
599,281
2391,45
735,215
2059,3
4365,42
4438,239
735,51
2989,295
2000,84
4004,293
1430,33
3822,344
2144,313
3157,263
4373,61
3617,113
2731,321
733,300
256,152
3687,368
2244,312
814,366
2461,211
336,220
4295,184
4110,146
949,208
921,398
3765,372
3496,177
3623,321
2186,393
2678,6
3490,36
2601,90
4022,214
2947,280
242,80
1952,321
1185,96
3198,13
1189,87
3509,364
1899,132
272,145
3718,41
1107,15
3582,260
3663,120
618,374
4097,135
1933,414
3449,42
2897,72
813,370
3854,331
2476,275
771,38
2325,151
1957,184
3836,21
25,28
3251,149
61,115
4293,399
245,139
3462,87
4029,12
2950,296
761,186
3119,2
132,58
2090,91
4431,319
2784,328
2259,107
1395,339
1290,138
502,112
3030,196
957,50
4496,171
1731,67
1232,390
949,300
835,4
1027,41
3264,341
4297,358
2666,106
4121,132
3695,179
1228,94
3497,176
4403,356
1266,76
2538,56
1898,48
553,279
379,18
4402,407
3219,411
4185,234
1474,2
120,221
1457,90
2127,49
1018,256
259,286
2398,72
3168,414
1113,339
3805,186
1468,20
1548,334
3322,40
4342,409
4084,324
2836,74
3778,26
1477,68
1065,335
1972,370
4384,48
4405,200
875,44
3218,361
2815,27
3942,361
242,28
844,209
1948,321
2297,338
1419,213
1847,377
1986,124
259,86
478,386
117,133
821,2
3920,381
4365,196
2392,96
572,265
981,103
2599,192
1523,60
966,261
993,125
1002,399
3353,248
633,53
3128,193
1198,132
1380,353
2952,135
2933,118
621,93
1740,238
2104,338
3939,153
3123,284
3111,41
3384,79
2495,272
3149,187
3753,392
1504,30
1318,297
1233,177
34,38
1715,280
4134,182
4287,280
3551,263
1000,267
3687,37
624,410
2892,38
1140,252
2469,305
3797,412
332,29
3717,350
4089,293
2276,119
1368,279
1787,395
2089,384
3994,266
2491,160
3839,374
1173,387
4496,88
492,91
3478,45
718,334
1584,318
237,161
3357,201
1412,166
1177,202
3914,391
1414,125
4147,237
3578,227
3190,358
970,25
3173,403
2558,338
662,52
3418,414
834,11
1144,115
1243,187
729,329
2056,385
4159,214
3264,42
2816,297
4352,385
1485,240
816,129
4051,375
1813,348
763,15
3331,47
392,403
2087,34
2171,3
4359,38
891,338
1879,95
1538,195
4082,30
3373,402
1237,15
820,17
889,120
322,33
959,361
3338,277
1391,53
3486,182
3194,40
634,408
1789,26
862,70
679,159
2517,404
567,305
2754,71
2574,340
3211,131
1745,190
4306,123
4396,98
1523,384
1323,42
2476,305
4162,36
1021,364
4499,405
4009,132
305,129
3702,177
386,86
3581,310
2348,88
4335,312
2952,193
592,58
3940,294
1425,261
1765,394
3332,48
4376,32
33,247
2170,257
2193,80
1763,94
2229,152
1649,331
2367,166
217,16
802,100
2473,274
345,238
4352,192
1996,389
4288,387
967,396
4226,137
2383,226
4005,268
2427,165
2135,219
1722,10
101,140
1173,155
442,222
1474,394
3953,332
3138,293
1424,3
670,124
3837,204
4434,32
2642,89
2399,279
1513,254
1326,188
2398,139
3285,108
2247,389
968,334
3573,278
624,227
4114,402
3034,61
2936,74
733,146
2486,170
492,282
2024,49
3033,150
4396,99
3583,167
4024,373
2007,333
22,82
196,267
3010,285
1281,47
1927,144
1933,42
665,254
91,121
100,410
492,157
531,361
4219,114
3066,380
305,143
17,70
3727,378
3883,194
4192,82
4252,34
2195,318
1111,377
2393,208
1069,268
4347,301
4053,220
1218,240
1544,143
3025,189
3935,328
3131,65
1888,329
1062,19
520,296
926,318
211,383
2793,195
1480,388
451,352
3411,340
1047,219
1522,376
3989,22
199,2
180,64
2652,53
3421,228
4033,59
2327,66
17,229
3650,170
36,81
2983,178
2575,113
3505,198
1330,224
3476,59
3476,174
914,19
677,314
446,321
3521,405
3288,192
3105,387
3234,94
2264,222
1413,393
4455,136
1824,177
2538,315
2485,292
2936,114
1845,224
3307,232
63,115
2427,172
198,146
1564,213
1641,187
818,37
3836,391
1085,232
624,223
1013,336
674,359
3084,262
365,367
2804,65
2344,190
880,240
3328,82
2939,10
842,23
611,14
1171,303
2071,20
526,394
520,357
3494,209
281,68
1113,385
276,34
3208,267
1691,128
2002,366
3531,326
207,372
1607,55
3099,145
2963,264
1348,215
3851,318
2332,394
3163,41
4402,39
2688,396
300,10
3351,303
1882,185
1116,37
3419,44
1777,101
3257,138
1591,415
2657,12
1836,363
159,378
1890,362
1172,85
1672,82
2844,56
416,221
4063,357
1908,85
1244,61
4268,384
1946,160
4001,341
1158,334
1864,358
308,228
3884,317
1617,170
2538,351
2436,414
3816,164
1440,265
85,88
1944,112
998,228
3979,233
2273,365
656,175
185,147
3797,302
734,348
3559,33
4193,252
671,335
870,91
338,76
2073,396
1091,88
779,95
3773,152
3571,364
1913,155
2879,63
2199,408
4460,287
1608,116
2313,16
1331,415
3708,98
861,321
1594,248
3314,76
2026,270
773,398
4122,123
2567,112
2475,21
3449,183
2743,60
3241,68
4284,358
4188,183
4078,373
407,17
1654,294
3997,327
3501,161
1585,302
2162,6
1164,187
3387,73
1431,280
2146,147
2711,328
2710,13
2861,64
2039,265
116,248
3721,361
2880,131
3966,266
4022,91
2864,194
3455,297
2865,103
355,207
2676,344
4262,57
2652,290
2436,119
1751,251
2824,184
2801,114
4500,307
3631,166
866,99
4403,26
549,92
201,399
290,45
2099,303
2973,241
831,1
3359,73
4050,109
2582,30
456,52
3940,146
4021,19
2449,301
3882,235
3464,316
637,344
3150,146
1332,317
870,274
3026,247
1044,332
2031,411
4285,351
1518,189
2583,140
3805,118
1875,187
444,170
935,107
2507,156
2834,229
837,382
912,378
3904,84
102,400
3030,313
4156,193
4360,17
2456,312
2209,110
2607,87
2158,27
594,90
4171,213
1723,116
1960,35
2503,172
4492,263
2568,332
3366,45
3907,162
1237,386
1867,67
845,225
3588,207
1484,274
2737,347
3074,236
1671,99
1937,95
1504,246
854,345
1316,153
2963,304
3077,312
4289,10
4110,391
3850,22
457,140
2402,255
920,307
3155,172
1735,101
3143,270
673,370
3112,52
340,318
2423,205
2599,84
95,271
410,369
4235,250
1601,341
1631,155
371,333
586,133
574,102
1132,70
510,66
160,344
2674,384
2916,26
470,221
3024,5
3206,88
2789,142
3138,326
1045,389
1650,28
562,122
1772,226
4413,97
649,114
3493,53
2273,247
3799,17
307,134
137,19
4004,258
4050,28
156,333
641,344
3681,267
749,171
2168,36
1622,32
1119,50
1532,412
3074,406
2821,14
2766,224
1003,305
3300,258
2131,315
2239,75
754,390
4425,67
2360,242
416,234
1075,243
2327,119
1035,328
1991,175
1970,291
765,370
607,277
4469,256
2487,56
445,362
2471,155
3930,60
4108,367
84,78
2179,363
3854,404
2419,45
824,192
3170,320
365,326
2014,291
3397,162
3268,76
565,249
3912,290
2195,322
838,414
1361,233
3849,252
1449,188
839,314
1683,94
2009,357
2239,75
3818,4
2458,97
3718,187
2763,65
4215,129
2545,173
2129,171
235,120
223,32
1308,336
992,7
3543,212
2585,331
3086,301
3329,75
3850,90
3134,156
3276,217
164,109
2870,400
3664,399
2387,81
2860,58
1119,129
2356,228
1408,265
2321,377
3880,47
1928,99
492,351
4426,72
520,200
337,306
2059,270
2866,193
3453,294
4403,110
212,322
94,345
277,128
3319,258
2955,85
1811,21
70,110
2383,302
3048,162
1422,205
789,276
558,148
2419,247
283,27
2011,393
3463,2
2273,283
2893,110
3684,348
2319,248
2871,253
3704,271
209,390
956,103
2163,390
2028,148
2355,87
1705,224
3925,302
46,169
2262,42
1061,183
1980,117
1005,149
745,261
901,115
536,38
1221,127
2998,38
2104,295
2122,372
456,203
3834,62
2197,108
1815,276
2580,309
1164,81
3000,323
2296,398
2735,236
3629,368
1120,202
3467,126
3493,121
79,304
1824,69
3989,73
1085,146
1063,69
386,63
443,337
4490,61
1791,288
926,262
480,224
3723,184
1113,363
767,90
2912,404
2765,185
2177,191
3118,81
1724,134
4463,204
2434,224
4463,152
1254,246
135,407
1588,371
2604,103
4358,76
4315,284
3783,342
3949,53
2598,117
1596,275
1427,114
491,317
1592,335
1076,283
2251,303
2277,232
3876,363
3802,9
766,36
290,134
4236,344
1538,185
412,409
18,286
610,174
3533,189
2037,185
3220,167
3848,190
3627,65
2613,401
1027,204
3233,369
2383,327
2241,392
2287,235
4169,252
3970,15
3974,86
1566,187
4019,281
4341,274
4153,321
2527,21
1254,27
714,62
4226,160
536,313
1458,97
2936,278
3419,186
2512,325
2977,381
3830,339
2063,15
3025,249
1583,366
4069,415
886,248
3199,196
2942,126
2589,229
4152,41
4346,387
1778,28
501,298
1406,127
2159,141
555,199
2728,126
2277,152
2320,118
3086,22
2520,88
460,273
2282,115
3931,14
4146,100
3051,67
4173,197
3172,288
1833,3
566,3
2804,92
3852,398
1181,40
4235,236
2436,340
3216,83
232,313
1298,302
2930,397
4418,349
4107,58
494,82
3724,369
1854,307
3306,133
3926,337
1500,368
3662,386
1179,405
3405,29
4293,180
4282,195
2407,72
3564,157
4308,205
2802,251
1014,389
213,192
4064,142
4044,14
3517,5
1744,195
673,103
4234,407
4476,237
4401,105
1805,133
2418,42
3302,273
1091,204
2764,49
1527,166
1530,41
1483,64
300,146
1782,356
319,55
1152,406
537,187
2259,6
3448,234
2343,362
3640,131
3024,361
784,209
3624,69
4000,261
3096,117
3845,281
3827,343
3766,314
4241,58
707,388
732,23
3294,362
4246,159
3738,21
3565,28
2749,2
1886,161
2302,110
2809,353
3838,192
1768,135
3684,285
3538,103
4280,295
3191,305
4061,206
1536,57
3731,46
1886,15
2006,261
3041,116
3176,196
299,289
2329,281
3842,367
3720,333
2833,177
4295,145
3818,295
2939,267
2094,261
1795,254
3512,169
3660,327
1878,194
4288,165
1404,81
4170,265
1257,398
4354,133
747,401
2112,16
821,261
3201,138
3724,383
3469,169
3520,54
2660,198
17,168
2867,223
704,108
940,12
761,411
2320,98
1691,50
2284,379
3880,370
1606,219
508,273
3691,206
1889,215
3687,69
4355,11
3440,202
1491,316
3416,197
1718,25
4051,268
3965,405
2542,321
410,277
24,357
3986,169
2091,177
2440,20
3986,381
1045,107
3851,22
1895,182
708,28
3290,226
1963,153
1885,299
1891,145
2399,84
4407,179
2808,271
1481,308
1950,316
98,245
340,59
2917,19
2516,82
2609,153
1121,90
2043,408
4077,5
3155,376
408,170
1566,68
3491,130
40,316
2726,228
766,153
246,111
699,366
2953,291
3706,375
2691,359
2113,78
3401,277
2042,189
1097,84
1241,325
3254,340
3825,58
729,83
469,283
4392,394
4266,11
4001,60
896,249
4094,82
3842,401
436,388
3937,17
2908,261
3374,397
3787,219
740,110
460,377
2593,165
1670,211
3385,146
236,409
4223,34
1086,122
2497,22
1414,154
1459,302
372,108
3114,228
656,352
2466,232
2989,181
1764,157
4447,172
1223,196
2978,346
1319,152
3883,390
669,4
1329,30
1790,366
3050,319
4348,61
1427,3
2474,360
1543,281
800,246
502,125
3840,414
4268,309
1399,48
3233,257
1820,404
1423,50
3965,2
903,332
3449,140
1577,203
4195,374
4487,153
980,137
4269,264
2531,247
4284,55
4235,86
1393,139
279,52
3128,11
1124,57
2751,263
3266,296
2230,56
2707,322
199,28
3439,266
773,49
921,146
4446,252
1690,91
2757,353
786,86
3001,162
2521,73
4477,79
3448,275
2679,195
3909,273
1809,355
2958,70
3089,221
3902,194
2221,180
2931,147
1747,370
215,112
1229,249
1745,14
2810,119
2005,389
3728,368
112,123
4036,65
2140,182
2666,148
2016,378
994,414
2341,122
3659,315
3978,105
1208,162
2078,131
2728,306
1306,181
4230,281
4496,374
3581,346
2886,408
302,323
4338,217
3208,47
2987,40
176,110
2756,148
4301,174
2778,178
1988,155
3770,18
2274,370
3922,63
728,162
2902,413
3996,377
3586,247
1691,100
3755,376
3231,154
2906,360
1823,90
3191,213
1742,7
1598,315
3188,139
2118,99
278,293
4104,288
3226,141
1935,86
1999,49
2717,188
1744,324
2214,364
4470,230
4309,248
3171,26
3981,133
2662,407
1160,396
1666,246
4365,171
829,235
2492,296
471,132
1798,379
2329,408
981,118
3313,103
3840,284
2050,150
2097,160
4132,66
1384,161
1987,160
216,21
3480,139
3695,249
4274,23
2272,39
422,146
2726,142
3174,18
2610,219
181,165
2052,324
1748,273
2385,91
1467,321
942,300
1737,202
737,194
4307,241
386,67
4442,120
120,320
4111,398
3159,153
991,72
1503,260
2554,236
2609,331
2283,339
1582,182
1226,93
3852,164
2942,153
915,190
848,43
3110,304
2608,142
1685,299
1458,389
2085,271
1214,228
1713,306
348,296
610,101
162,8
4239,359
3351,78
3707,347
670,234
121,259
1767,184
3424,203
1046,356
1406,338
492,221
1617,83
1807,46
3223,377
1363,328
1494,311
736,181
3263,317
3673,263
1928,200
1357,94
495,401
787,148
3543,239
1997,103
29,405
1537,370
4254,11
3457,120
1941,161
939,273
1356,120
3052,143
3389,324
4080,101
1279,204
1099,415
255,50
3250,192
3077,309
1479,227
2188,115
3433,76
1234,13
1817,205
2526,376
4017,229
3899,59
2505,207
3790,5
631,204
2192,153
357,329
344,285
3882,208
3777,52
721,271
3777,66
2695,411
1417,380
2506,207
951,101
2909,164
4425,128
4377,78
176,89
2656,342
371,50
4253,22
4426,4
1281,350
2156,47
3190,96
1520,241
4367,123
326,195
2118,398
1773,245
756,355
3853,76
742,104
856,46
1555,252
1169,257
2474,345
2104,92
3615,333
1270,400
1973,176
3135,142
3246,35
2950,228
1531,164
3795,365
3229,259
2156,243
3134,341
4015,236
111,363
3151,257
709,262
3735,265
1122,34
3947,276
3845,157
3359,113
2280,231
1576,227
120,145
3700,309
1933,254
2543,377
3262,285
2906,77
1581,94
2094,307
3839,395
2501,158
1614,326
228,122
660,394
3300,321
200,64
2524,266
2578,231
1932,41
897,261
3117,396
2327,17
847,22
3581,26
811,48
3303,300
3221,293
298,262
1650,367
2171,369
2471,50
350,410
4103,86
3789,48
2132,358
265,142
1821,138
1025,316
2859,186
2438,342
2481,35
699,104
170,246
838,285
2179,216
4418,326
2600,299
1518,406
2231,270
2780,93
786,238
2516,81
797,56
2417,143
98,202
1970,20
3559,134
2233,20
2669,125
1031,138
1867,283
2540,269
739,195
3768,349
2862,377
505,201
1479,135
1572,283
282,39
1208,351
1488,294
1175,203
1899,106
80,290
784,247
62,336
2020,345
2424,175
161,249
2328,405
3147,7
1452,240
3375,298
492,127
3976,347
1577,169
577,278
2821,229
3185,17
2838,62
1508,361
1639,106
3097,401
3369,125
88,283
1515,381
1357,322
2247,156
2660,131
1892,275
2562,114
3389,6
2265,331
438,30
3617,37
4475,114
4329,41
2586,71
3950,48
1337,265
828,308
679,86
4362,396
2289,319
3145,146
962,242
3727,263
1521,76
3209,121
1728,118
1102,212
1992,308
1386,23
969,239
756,200
3502,354
817,347
2345,109
4041,195
1126,344
601,369
2714,9
272,369
115,212
2430,199
2426,387
3940,302
3332,11
1049,89
4141,194
858,285
2627,160
3113,31
1676,62
2858,300
2209,392
607,134
1014,106
1518,278
2854,98
352,387
1023,211
2554,165
1799,261
357,60
3682,184
2739,20
3105,383
2695,364
3595,355
4348,44
4310,269
3214,378
1709,16
1602,295
357,75
1903,377
3595,244
2927,19
4023,405
1608,340
3293,49
7,253
3965,113
3842,379
4125,181
2003,236
3668,121
4277,109
1548,331
535,22
3960,332
3835,59
2361,225
3760,302
4403,264
3948,383
3267,137
559,349
3978,139
1488,12
544,269
1786,131
650,332
3195,351
3065,103
1201,50
223,172
1596,191
1299,319
2502,285
3225,17
2126,406
3441,255
2665,404
1982,285
1942,293
3191,61
3269,58
3863,145
481,184
1965,321
3221,136
3300,76
1507,92
1545,156
4332,280
494,219
648,105
3787,209
363,142
2379,61
2975,128
1957,267
1332,212
4426,71
2467,223
3672,176
3805,114
3772,367
1187,189
2587,377
1207,198
3175,273
4189,359
554,55
1724,382
2843,21
331,40
4440,303
228,176
287,146
3681,382
2229,396
2132,402
3483,300
1559,232
2762,220
1048,339
1946,243
1580,401
177,7
4497,359
2378,259
3716,305
574,248
1847,261
1239,372
2985,43
481,358
1750,375
1061,356
4334,80
323,402
2400,231
3768,292
2214,204
12,396
565,256
2000,64
3067,156
3985,32
1918,150
925,389
3865,37
18,304
576,111
2168,48
3428,376
2718,271
2330,49
1951,145
1587,385
1259,19
2739,202
2768,161
2996,151
3099,293
518,255
2333,293
2006,124
219,310
2977,25
1661,391
608,252
1159,388
812,410
1440,164
4071,77
3298,113
3548,413
1511,295
1398,272
1474,320
901,308
1537,414
94,81
3125,239
2079,114
3715,72
1459,15
4022,165
1205,297
1880,201
943,129
2862,391
2012,111
1733,245
1280,389
2075,373
1221,2
3271,126
2252,237
4325,415
2830,74
1556,111
601,395
19,214
3789,395
571,352
3166,155
4073,377
4257,346
8,363
3031,224
4026,373
3422,183
3616,195
3486,165
1792,110
2027,312
2074,372
1918,64
3143,389
4114,230
1825,279
742,61
2591,377
4135,217
3604,161
2383,413
468,279
1804,221
1461,289
899,260
3855,278
794,2
890,61
2688,300
1217,116
90,384
3038,76
3193,46
2992,153
2796,412
4415,326
4311,413
1407,381
3048,374
3416,412
1276,235
93,229
981,141
4481,129
1952,85
2509,67
1708,52
1188,168
632,159
1899,49
2319,398
3846,235
552,15
2120,265
1057,265
2000,45
389,182
2226,14
2970,85
3886,172
1462,59
2637,401
1674,368
3869,314
4253,317
596,331
2162,260
3199,81
2156,2
1335,378
583,69
2757,191
1524,187
1493,225
1449,39
4069,374
880,15
4321,355
975,406
765,330
2551,367
102,213
1541,24
893,335
1384,214
3698,101
3704,303
657,208
129,272
3171,286
3624,125
15,117
3281,262
3754,261
404,44
3024,325
141,137
979,201
2844,295
3929,404
207,15
420,109
4240,388
1857,87
2048,188
2849,188
4339,209
576,104
1624,340
779,244
4345,74
2375,344
4226,116
2855,186
251,22
905,376
685,48
385,25
2481,193
526,389
2569,329
858,303
3306,168
240,86
1461,73
2517,12
2836,407
2074,225
1284,329
1444,388
2691,350
418,197
27,346
2967,313
3821,412
74,188
4305,252
2668,334
1876,251
1735,250
4212,393
1400,210
1329,128
2551,307
3821,146
2519,380
4241,19
2271,180
820,90
138,66
967,348
3549,128
1125,179
2983,226
1146,43
4034,396
179,35
3097,368
3130,99
224,152
2449,30
3504,57
1866,265
4038,123
3227,249
176,24
842,55
1065,223
440,145
1690,397
3783,41
2532,240
2946,269
2484,408
4045,10
2037,200
3451,51
2885,61
1409,400
427,88
3051,375
389,208
1717,130
3893,67
1134,341
2217,132
4438,408
1795,166
281,38
160,127
3106,391
1235,297
4175,295
3309,113
2902,141
4337,165
4105,233
1604,75
1255,250
2696,341
1328,265
729,316
1816,283
2134,328
1539,74
4389,387
2966,273
2096,252
1442,167
1338,121
2710,365
3432,248
1163,56
1861,56
3908,280
1285,261
3915,242
451,369
621,175
1278,230
3418,403
1893,174
3555,4
1678,348
115,301
4183,347
3936,52
1368,47
1123,14
4352,229
1979,170
2062,31
2174,349
746,44
1728,389
1816,326
3088,20
3880,94
1102,374
1958,218
1889,288
1973,44
4383,311
4392,78
1827,129
4457,357
794,257
451,109
1580,203
3158,269
3620,44
2428,187
161,255
2966,281
3107,324
4427,104
3380,296
3603,90
178,110
566,27
3304,166
3497,407
2553,330
3108,146
534,225
2536,376
4161,143
2603,265
3600,373
245,159
4140,124
807,332
3547,80
2583,293
4114,236
4343,273
3690,154
3259,29
3560,127
4480,151
4096,198
2122,240
2003,379
4459,76
3810,86
2905,304
3941,47
567,14
1449,111
1467,335
1600,123
4448,181
2076,255
173,377
312,79
127,190
1068,86
3158,31
995,388
3974,6
2521,314
375,44
2171,279
3343,17
3647,226
1846,38
1301,121
45,206
727,66
42,15
2058,295
308,238
3791,339
80,298
3291,229
4465,215
1529,135
338,368
241,252
4090,16
2521,180
4151,147
2311,370
1526,359
1352,145
1546,46
2419,201
263,220
4497,311
472,214
1111,370
2971,108
2565,283
3008,295
895,251
1860,279
2266,263
2449,347
79,71
2538,341
884,6
4361,111
3127,101
4246,251
1854,150
1039,59
2036,307
1693,253
4165,19
1066,294
3819,74
3215,415
1711,46
1446,69
914,87
965,40
1819,160
379,317
606,92
459,84
3758,29
2764,127
2928,176
3679,116
3645,269
843,51
3346,224
3714,259
3591,71
3741,233
813,272
379,367
642,188
3073,136
2275,68
1575,96
557,4
3908,279
3832,402
2368,333
4411,206
723,137
1281,364
2981,18
1365,128
2430,350
2589,138
3342,75
1100,79
1111,104
2306,251
70,165
3267,59
1918,83
3312,383
3855,39
3032,270
3336,203
1717,375
2004,349
2690,80
898,117
754,59
3379,353
3680,358
3904,351
998,22
1173,182
1138,278
2710,191
69,318
1818,133
2778,34
130,103
2056,27
588,177
1751,400
1685,14
725,333
617,285
2473,376
867,201
3003,270
2203,200
4082,263
27,344
2431,110
3240,78
4359,133
3193,339
1474,252
176,348
3037,26
3526,45
2897,50
4432,25
733,74
2814,245
3514,36
2551,412
1195,49
1143,265
2514,137
1551,230
3791,267
3289,356
2787,192
1577,345
1362,140
3284,202
1350,271
1107,367
3089,16
2068,58
4487,74
3776,414
716,339
3405,231
2959,209
2053,93
1006,47
4488,97
529,306
1914,280
944,212
206,128
4363,11
4484,194
937,298
2631,370
2555,164
2194,296
1949,384
1927,332
3952,379
2343,275
2681,224
1978,205
2948,34
3712,167
1529,405
3899,119
3512,176
1033,135
1434,119
3475,188
3813,156
1052,186
2004,400
3383,21
2523,34
2860,149
4312,34
3068,103
1681,372
3546,320
2963,391
590,378
4267,89
1163,342
292,250
220,8
3413,120
2324,142
3773,215
34,137
4017,152
715,274
2620,332
2818,106
2751,31
3844,297
3371,119
3389,74
3366,55
3635,131
1888,175
200,185
3935,60
2187,415
248,193
2564,47
3703,353
4046,300
2276,182
846,258
3115,209
1314,31
4238,410
2943,103
2828,118
2131,97
2654,91
1364,408
228,143
1143,35
3553,238
4190,36
4240,414
2636,90
775,382
3024,388
3840,19
228,64
2384,181
2732,406
1980,87
3920,214
2610,302
3568,90
3693,333
540,304
3742,316
499,50
3212,90
2781,232
3168,159
143,6
3782,287
2149,11
1505,204
1657,205
1934,9
1925,85
3411,160
3949,7
2977,399
3670,268
1783,375
3449,388
2305,102
2998,235
4406,197
473,261
995,324
3027,285
1256,85
3441,148
2696,306
1239,115
4052,287
332,70
1798,138
301,120
863,271
2061,335
4448,197
1375,124
1605,222
3089,391
262,385
1473,89
1572,331
2457,319
1670,29
4444,76
1743,58
1552,388
2943,241
1419,11
3659,41
2253,396
1662,304
1897,361
3218,193
408,158
2800,318
1819,132
3462,371
1329,83
710,268
657,237
4081,114
4410,109
981,43
2032,4
2796,343
106,101
3602,47
1057,66
450,68
1400,34
2553,155
851,129
3969,198
4313,406
921,114
2833,265
1718,379
3740,174
1615,388
3763,246
4395,320
1202,110
2519,45
2372,40
261,170
2111,191
1664,227
1505,82
1486,85
1969,177
2193,110
411,360
781,331
2436,391
2725,232
3509,147
235,95
228,274
4,327
605,372
1964,331
3646,284
1995,10
2308,272
887,207
496,251
2809,123
832,159
2994,229
3997,316
2992,97
2091,172
2374,371
10,47
3647,67
456,398
1415,305
1216,223
3209,167
2467,27
3385,78
3346,20
4386,163
1807,356
82,106
3139,408
1633,365
564,121
2724,409
3127,273
4443,241
298,270
3177,78
1007,44
1198,152
3018,47
1911,236
2225,173
1811,126
1739,209
3291,161
1266,392
113,29
3745,350
3119,35
1822,262
798,190
3281,289
3248,391
794,294
3978,42
4484,149
4254,84
2606,327
2611,91
856,385
1709,100
183,170
966,318
3294,65
167,328
124,164
865,106
2424,82
172,330
204,235
706,394
3102,71
110,68
2728,7
3234,413
2656,369
3982,282
1139,135
863,125
4064,344
1106,59
3151,243
4237,350
3664,40
2144,259
1346,380
2839,91
4058,104
3987,305
871,282
1661,366
834,160
726,97
1032,304
3464,36
4447,320
1294,211
1088,134
1092,235
1012,250
4418,169
2230,49
4101,112
2832,329
1555,29
2250,322
2372,373
4243,302
1629,6
2414,321
4013,315
541,309
997,18
2970,391
25,166
9,195
3864,383
2334,10
609,112
61,383
3883,203
3857,44
3621,28
178,27
2675,388
3923,235
2107,62
432,116
3841,82
3427,351
1173,159
1742,62
1246,46
4311,117
4248,139
309,331
3405,93
2653,80
1395,299
1136,205
1731,402
2946,412
2509,58
2490,241
2709,186
1442,356
4368,252
730,163
2399,233
2914,313
2745,53
1356,344
1886,372
2121,199
2992,175
1229,415
398,15
290,163
1312,320
3807,86
1317,171
307,404
3815,1
1793,296
3687,190
770,411
3792,48
824,305
304,163
4202,105
925,284
800,326
467,325
706,37
4366,30
3362,203
2051,283
727,260
4491,252
2100,174
1681,192
1362,201
3945,231
3491,375
3773,116
770,34
2803,311
1899,265
2233,354
2396,123
4285,61
3018,89
647,75
204,409
2972,4
2655,258
384,155
601,259
4315,70
3330,95
3552,331
1217,358
3710,338
2393,46
1366,277
2941,57
2472,315
290,315
2292,184
3782,367
857,314
2194,112
3907,374
3731,36
1393,283
3661,319
1291,145
694,409
3778,152
2180,53
3512,145
3679,204
4086,333
1512,110
3028,234
4320,276
1601,253
1077,153
719,9
666,226
1357,282
3936,158
2224,213
2868,214
2511,353
3119,367
3474,126
3363,71
3897,98
2936,26
1081,65
80,55
3389,353
1949,343
3415,45
2214,27
306,93
816,333
154,136
3893,386
3903,103
2428,402
1146,175
1900,193
1571,132
2719,154
4461,239
4361,133
3322,15
560,190
4306,280
1122,288
4433,166
3156,282
3329,169
795,269
534,271
4250,49
1691,81
2196,219
3469,284
4328,145
3066,148
3635,385
2967,28
2968,20
4379,217
2557,265
550,21
3294,63
1556,102
4188,129
1350,252
352,257
3845,293
3031,141
93,139
269,54
443,356
3914,185
4221,69
1150,226
477,330
791,77
215,3
64,101
2859,250
3452,141
471,380
4227,301
1977,393
1981,134
4276,297
2706,132
1758,353
4193,414
1498,368
4243,346
3357,267
2524,359
529,31
1952,44
1512,133
3272,201
1245,188
2655,88
651,250
3527,370
4152,202
730,300
3959,28
319,44
493,141
2603,51
4073,15
794,102
2070,233
762,20
3329,75
1525,402
3296,406
4000,308
801,297
25,190
289,23
1047,175
2269,23
3126,8
347,177
1963,156
4287,389
849,75
4136,128
1056,305
1723,246
4476,233
3002,394
3131,64
1176,405
2577,87
2608,78
2226,393
1886,127
2282,120
1568,51
952,63
4293,313
580,137
3839,372
1471,329
2333,111
1068,61
4217,314
2302,375
2604,173
2719,78
4157,126
2152,39
338,300
1401,351
3052,314
4389,89
1687,334
1492,45
4080,255
3571,343
2559,169
105,181
1747,134
658,338
466,255
3940,325
989,190
1316,243
1381,269
1927,338
121,20
926,198
243,289
353,288
904,388
2493,193
2505,314
1923,95
1186,260
3491,106
2879,345
2139,206
1738,274
1091,393
2964,352
2407,95
4188,234
4186,273
4291,236
2008,283
2281,369
3484,208
2160,211
329,331
494,273
2322,81
4043,85
3778,96
3004,307
2895,157
3528,278
3795,317
2176,147
3315,330
436,36
55,101
2284,123
927,283
2953,271
836,386
1252,234
1575,69
2522,353
1907,145
4220,314
4382,264
530,37
1891,200
705,75
2029,94
2116,41
694,120
1386,283
1133,34
4261,369
749,65
1324,10
3359,175
3371,106
3726,34
1285,389
3770,260
706,282
1735,17
3362,386
2806,133
1943,287
1634,231
911,60
4349,353
3521,46
2287,207
854,286
1488,228
3073,86
3209,47
1791,183
269,73
1412,284
3955,262
357,19
3857,80
74,369
3655,144
4023,345
3242,305
1714,23
2591,329
2798,90
2683,105
1916,287
3367,263
4405,35
1128,16
3310,48
4236,392
2611,123
3505,363
870,333
1386,409
1232,225
541,137
3332,268
3529,324
2214,37
694,372
1315,157
2211,76
3601,102
720,327
2128,60
916,170
2663,352
825,300
583,286
3064,312
4143,124
120,291
3103,16
2559,179
252,327
2048,280
2410,14
1792,210
999,39
1456,266
2543,173
3247,119
2900,29
4089,297
2660,64
3161,125
3726,6
2775,352
2167,364
1250,238
4333,152
500,330
2229,62
3101,336
4376,395
2211,385
971,138
1264,295
4463,317
3374,37
2531,389
4181,115
1413,76
582,286
3692,70
2545,233
2377,15
4258,99
737,324
4153,380
3107,347
4287,296
4049,123
2372,97
2235,119
1868,343
50,69
3456,393
3948,83
932,403
134,164
1632,233
1869,127
3754,388
2369,306
1321,410
3304,355
3618,337
3742,227
1338,290
3527,344
381,299
4021,211
606,307
2470,175
3997,240
652,49
309,159
2876,179
4182,287
1234,90
1162,262
681,21
3444,384
1640,152
3511,41
3442,256
259,261
91,98
580,184
2271,167
790,284
4398,363
1223,92
847,257
4376,355
2315,240
150,363
1875,87
449,393
1034,307
3783,256
3225,145
562,57
984,36
2690,218
3379,327
3194,93
3460,101
4010,178
1797,282
1526,409
3257,328
757,36
3727,355
3611,67
910,134
1974,317
2341,90
814,147
3540,392
3642,277
2542,132
3461,407
1455,276
2856,57
4342,81
4348,15
1319,3
4372,109
1773,334
2765,257
830,145
2811,26
1041,296
2834,26
4288,130
117,381
4086,251
1766,65
2957,405
1969,59
1490,193
1121,223
685,69
756,257
1144,25
3785,190
2593,371
2701,175
2148,326
1034,19
2611,174
4162,375
3238,199
1867,140
2085,294
2789,399
3442,226
143,106
850,221
3754,283
3158,66
1813,282
1663,164
3122,375
126,276
4095,289
2723,29
3353,353
546,226
890,208
2021,110
942,125
93,371
3635,309
4427,375
1331,41
2628,397
624,383
2052,351
3868,276
100,97
895,307
571,347
1172,295
1525,67
2643,304
1782,232
3398,26
2148,369
3656,238
1798,341
2546,125
926,344
3371,146
2491,92
1881,258
3164,96
1565,142
2346,197
1564,337
1783,291
947,307
2220,37
1161,281
725,244
4376,347
424,116
3538,212
3193,176
1973,93
242,133
3932,415
3095,67
22,161
2672,83
2029,305
1139,239
3938,279
4453,379
1362,337
1045,120
663,32
2304,397
337,249
2553,38
452,225
319,210
2943,210
2997,296
375,339
2221,63
445,325
3564,125
499,179
3034,340
1653,353
1438,133
2878,346
2274,125
2319,304
267,85
438,97
950,277
903,389
3210,229
4292,20
2971,154
4470,307
3506,253
2698,50
1751,54
3299,213
4357,22
2,274
357,160
346,264
1411,273
2619,348
3652,282
1245,82
102,24
752,358
3049,52
410,52
4076,178
489,148
3774,264
960,140
3471,327
550,256
3538,127
569,283
4279,295
3931,378
1610,228
4304,390
1017,167
1874,78
3451,408
4103,128
2032,351
1996,29
10,40
4170,342
3552,24
2082,201
834,12
2454,261
4349,284
1820,241
999,308
2981,326
2681,284
3731,348
2362,231
3103,354
1589,285
1587,11
2318,370
662,106
4422,66
3289,154
2972,137
2694,113
3405,34
4430,154
2366,339
3598,206
4440,306
1106,82
3611,315
368,14
3635,401
2120,320
4233,210
1598,98
3916,270
1854,375
2675,220
2873,373
1859,264
2212,217
2548,341
3185,367
2218,39
4005,326
3928,41
752,261
4036,275
4029,282
1996,23
3481,75
283,377
1278,33
2154,230
3293,398
2846,261
4140,286
767,302
703,123
2703,386
2179,332
908,32
3762,403
2165,77
1275,64
4431,295
3095,398
112,254
84,215
2723,383
3757,239
1574,297
2161,149
1697,155
2201,279
3899,285
153,327
1269,91
879,376
745,306
3365,226
2891,9
1840,90
3682,294
2431,393
3244,27
1492,347
3394,20
3576,242
135,36
2394,198
3843,200
3546,77
2732,345
2011,134
2235,205
2747,90
1534,111
2461,399
358,372
4392,247
3020,295
2614,280
2092,141
698,260
3889,141
81,13
2918,286
677,226
1274,267
3336,231
3481,393
288,209
3183,46
2508,317
3097,361
4285,316
3676,262
1559,177
3443,248
3512,321
4170,376
2462,401
244,178
4241,128
2872,251
2086,90
3787,204
3509,65
4126,191
1713,382
2922,169
3655,241
1648,46
1546,353
4041,102
3074,373
1324,303
1787,279
1782,273
2661,189
632,224
310,135
1363,375
1248,315
3446,197
2040,204
249,414
1779,258
3000,315
1328,260
3499,314
2221,88
1768,247
933,242
1437,231
1977,7
224,405
2328,334
3574,251
3731,55
4468,193
402,341
1418,142
2312,388
2797,101
3779,90
2436,406
1164,307
2264,184
3728,53
3813,204
466,102
3511,344
499,46
1203,39
730,159
4092,244
1259,275
971,298
3386,250
2036,287
3091,373
285,328
1384,258
1315,330
1653,342
1162,76
1645,132
3773,21
1464,125
1022,78
3307,381
2405,333
2762,101
2433,83
552,52
1758,74
217,227
3227,219
230,377
4124,246
2960,57
2177,276
2629,61
3983,18
4402,184
260,366
2180,188
3391,140
903,99
1561,263
1076,247
2346,357
2612,289
4313,389
3798,31
4208,96
3487,376
2608,332
3338,295
1461,197
3609,265
3719,362
1955,108
2441,65
1886,134
2830,80
835,323
1067,18
107,124
2777,367
3052,392
3070,178
1903,274
715,409
1461,293
169,128
2883,148
851,196
4182,212
1179,116
3878,84
2541,322
638,42
1288,359
3387,90
951,125
817,72
1336,137
1371,80
1047,96
2832,95
2962,323
677,316
2255,16
75,244
3782,214
1584,119
4193,341
1067,242
208,167
1675,242
3149,390
847,58
2314,132
638,126
2647,80
822,214
2684,308
3310,175
1849,169
2028,329
1823,379
959,90
1710,223
1134,199
1736,80
2251,19
884,120
2487,10
342,320
1434,250
3565,199
4017,305
1039,314
3208,98
4112,156
1969,176
1513,113
496,337
3815,408
2907,84
1906,233
3174,96
4324,73
1213,408
4348,63
2248,86
2299,358
2488,222
3564,161
1487,132
27,376
3126,384
3058,404
813,253
269,311
2154,7
469,390
616,223
2986,146
508,310
3025,259
1483,170
987,368
1498,365
2369,342
3787,313
2943,250
1192,21
4009,37
3600,266
399,278
3640,380
3599,127
3276,17
4077,261
2022,198
4339,46
2382,5
3756,93
2615,59
3815,414
125,39
3172,14
4346,44
3167,368
3734,285
638,394
2517,137
3800,284
63,236
2997,153
2619,37
1804,46
3412,405
1574,226
2211,331
3759,167
3497,347
1938,192
3092,351
2122,401
1838,157
2861,392
42,380
35,106
210,204
3135,252
1989,76
725,101
2267,388
1543,280
1941,159
2655,27
3390,19
3234,362
3588,119
289,414
3270,168
4372,97
2594,398
2792,252
3809,304
1939,233
4291,60
4322,56
4199,408
2130,268
3135,181
1049,327
1965,362
2632,140
1003,38
1626,49
3167,93
1296,261
3529,147
2902,306
2812,297
3778,340
2657,201
2943,209
313,325
1029,88
2185,179
2292,263
2571,346
2630,123
1527,241
1673,99
1919,262
405,313
2931,145
1623,115
388,115
3166,234
1419,154
2845,324
2823,398
1828,75
4071,249
100,375
2118,105
508,46
3498,333
2175,228
2829,175
3390,341
4251,70
1237,133
1354,379
2538,25
92,256
1061,278
931,183
1326,257
2252,65
3591,302
3849,213
806,348
1408,396
2358,123
848,53
1495,218
742,301
405,148
3548,118
1535,149
288,132
3352,290
3487,142
2406,102
2491,333
4258,354
2695,229
922,278
4296,31
2026,132
759,116
1562,136
2285,8
331,358
736,252
2014,19
618,379
4455,405
1636,138
2926,360
3451,58
4224,183
3474,250
3330,190
4034,307
1584,248
894,300
2480,288
679,256
4462,22
271,386
1813,329
2105,147
849,9
1293,68
4372,366
4430,154
2763,78
4417,95
968,67
3533,211
2140,305
2454,409
4330,285
1523,135
4216,83
2035,73
90,44
2068,65
3866,378
1016,376
4326,383
852,44
3048,244
501,207
4252,145
4116,243
2960,333
1529,152
3760,94
954,252
428,354
4076,173
1584,267
3550,371
1395,226
2425,330
2236,272
3152,264
1205,44
3934,106
124,260
915,342
207,326
921,216
1149,35
3039,265
1013,282
2049,35
2495,369
2274,160
3300,314
1406,287
912,247
2025,411
1146,289
920,400
1542,97
2093,344
2429,176
2869,329
604,199
4097,383
1868,196
2672,409
2751,313
1839,117
3660,27
1081,62
1739,224
1927,333
1881,278
360,113
2276,217
2852,404
2392,212
3847,374
3504,355
2483,316
2878,212
405,35
2121,33
91,68
899,208
4380,28
2178,139
3377,88
1658,247
1870,280
3243,35
3979,400
3848,298
821,324
3911,203
4465,146
776,373
3033,46
2709,156
2991,73
3739,304
401,173
366,73
2124,133
1728,94
756,107
1242,208
123,232
3307,376
1285,69
1960,77
304,183
2033,130
1942,278
686,397
3439,179
2908,126
2613,35
496,26
651,149
3111,228
2128,68
2111,98
1538,110
2641,410
1085,177
3762,127
1142,291
3070,102
4213,231
122,21
1769,81
1398,145
3139,116
4486,74
4356,212
2617,299
3229,233
2657,71
4428,183
2748,115
1175,367
4183,290
2211,160
1677,364
3318,15
2158,354
3687,229
3304,161
4204,344
2950,123
4465,152
3556,199
3856,53
619,291
1183,147
4341,347
4430,326
2430,202
2587,362
1406,331
2714,351
3447,224
4077,366
2390,243
1085,17
1390,345
169,414
432,397
4327,298
587,103
1308,213
2443,242
2621,247
3251,148
191,139
2593,132
1291,405
2965,52
4484,266
67,102
1117,129
2464,254
293,196
999,256
3964,163
4424,139
831,205
3342,331
1317,293
2,83
899,309
368,260
616,32
1262,390
1098,377
221,145
3499,173
2475,225
705,164
176,214
2577,42
3355,81
4334,208
1321,380
79,278
2287,245
596,56
875,124
4149,253
2633,390
2371,372
649,77
3960,352
4028,298
3821,392
2704,189
1080,236
4216,297
2813,57
2496,148
964,248
240,198
1667,410
2851,133
1254,319
134,245
2695,306
461,305
3016,241
1994,24
1210,40
1636,108
2816,79
1172,199
1433,112
3749,93
763,271
651,235
1167,382
343,40
225,326
3770,66
4124,255
4115,350
2290,145
696,241
4069,77
3642,366
704,151
283,338
2469,254
3825,281
4341,337
4448,171
2519,334
3430,303
348,84
4390,70
4331,101
1436,270
115,49
3929,192
1356,402
2607,407
531,190
2969,294
2241,244
4021,159
1967,101
1422,226
3656,41
1948,381
3062,326
709,134
393,88
3084,66
2696,188
1865,142
1266,183
1689,90
3082,334
2140,256
2880,276
3860,131
2410,345
1485,166
2384,217
3036,65
3587,307
959,83
4086,44
1961,179
2684,297
2441,110
3041,18
612,357
598,262
3533,393
2103,266
4433,234
3205,399
1748,63
2583,20
598,206
238,391
2951,399
3275,131
2155,54
4148,182
3733,210
69,402
3758,81
977,164
2338,277
2773,11
1406,320
39,124
3298,164
2872,325
2586,250
3748,385
3133,73
4293,332
1206,223
747,38
2713,278
3234,177
1229,369
126,29
2585,374
2355,362
393,32
2430,386
3442,243
1265,69
4440,308
105,102
4369,221
3689,22
3849,29
863,373
2270,402
2274,130
3741,344
1682,22
4164,16
3839,44
3978,137
4200,282
4169,16
1816,246
90,253
2345,406
3353,92
707,41
2316,88
3547,194
254,313
711,287
3948,252
2544,329
1872,60
872,292
256,263
3074,175
3342,255
3886,13
2108,232
3011,88
983,135
660,186
387,69
1268,138
2197,16
4339,166
4448,273
2923,336
2213,402
985,251
3544,104
1503,237
1789,258
2122,225
3182,264
1718,359
3339,301
2341,9
834,265
1456,52
2896,28
2824,278
662,294
199,149
912,37
3921,47
351,11
1554,247
4115,206
4311,255
2411,49
664,60
1640,160
1307,9
2034,396
3305,97
4205,294
4118,330
110,334
1496,307
3383,270
547,245
3114,335
866,47
1828,78
3464,319
4173,111
730,63
741,369
485,184
3986,102
2354,300
3896,48
2207,210
3571,101
3412,285
785,97
3276,411
2439,231
896,360
3748,367
2220,58
3606,24
2257,344
1365,206
1597,220
2192,327
1167,77
3924,344
2171,342
209,111
2117,70
910,93
1531,349
1861,311
2571,183
311,344
3136,365
4333,48
2465,365
968,4
1502,4
4265,47
1205,106
83,350
1641,86
362,265
1203,203
245,205
2490,124
2884,338
4192,253
332,220
1119,323
1929,46
2836,239
823,98
4190,232
3754,350
604,136
2918,177
96,260
340,288
2750,185
241,14
326,70
3243,127
2474,62
1576,346
1870,200
3098,17
3770,90
2197,78
3347,360
1963,138
2491,323
1976,152
476,158
909,339
1441,168
1439,159
580,251
1647,333
2431,220
87,110
2649,224
881,309
1661,146
1343,88
1108,1
756,364
2308,133
2110,187
3435,225
57,357
1482,286
536,399
3748,360
4102,307
2493,369
977,415
3168,57
750,38
246,101
1444,212
4003,386
1856,58
326,253
2301,113
4137,119
2214,247
3088,288
3412,281
855,365
2330,389
1838,15
4335,375
4340,190
1060,238
2352,302
133,46
914,347
2448,24
2441,336
3300,68
911,128
2557,237
2523,45
240,361
290,29
1127,380
1760,109
3737,56
977,10
449,92
810,235
3865,3
2429,91
3330,10
421,406
2232,28
1703,156
1178,224
61,8
1472,31
4332,247
3956,198
1023,394
1373,69
463,387
35,68
4458,66
275,79
1548,78
2277,108
161,248
4334,333
1585,8
1352,118
2705,337
855,190
4180,207
3376,104
3346,122
1060,92
2773,96
1589,80
4166,116
2792,3
2223,255
2243,27
1577,244
3296,42
4417,196
3329,86
1405,388
2396,313
724,414
1051,258
468,20
396,397
1244,10
21,128
454,118
904,53
2816,182
1481,397
3607,108
3362,208
651,22
29,163
1566,151
4193,404
3599,166
3617,49
3556,52
829,346
931,145
343,330
496,338
2232,342
354,267
1423,145
3676,367
735,83
207,85
3250,214
602,370
1193,375
769,148
1113,171
3906,264
2260,369
396,285
4201,4
2967,375
1950,285
4465,213
1978,140
3758,377
4058,53
4202,305
802,62
2416,384
3432,415
2903,216
1191,197
2806,279
3714,374
1144,166
3940,388
446,318
1797,291
881,178
3942,384
2062,86
3565,383
1245,376
3469,192
3172,163
842,232
3467,26
3783,24
4073,113
1668,130
3471,67
2409,244
44,412
815,317
3105,69
2432,174
4349,153
936,25
1062,265
65,78
731,296
531,342
2520,128
3470,277
141,160
1037,409
1080,173
1041,341
306,396
264,188
285,170
1394,332
3268,148
1562,209
1779,315
3138,358
1216,312
758,35
1703,211
2079,7
913,371
4035,338
4086,238
478,86
3675,382
2992,415
4238,293
98,337
2595,170
472,280
1838,292
1951,141
3798,399
221,129
4382,314
3354,297
3207,63
3233,1
1102,224
3376,400
403,205
3764,246
3731,212
2174,205
1839,134
453,393
4310,204
3979,336
3109,248
2388,300
2600,364
2010,337
529,66
3693,29
2150,256
312,153
275,138
3650,117
3492,376
2288,70
1450,153
2083,97
1095,313
258,86
2615,123
3470,44
2517,345
2154,160
301,350
2332,185
670,113
1794,268
3552,42
772,125
2341,170
2619,109
1023,139
257,336
220,112
1864,343
3481,303
1341,219
568,177
2402,46
4284,17
2363,76
4171,149
2389,232
2373,39
2344,1
3101,368
2389,137
1475,411
2094,373
4352,6
1573,226
1082,235
2227,96
2757,114
2598,392
5,249
984,144
3826,232
1032,115
214,278
1490,2
1983,38
957,91
3177,50
1530,183
2911,118
2938,105
3944,224
996,208
1141,235
3017,151
470,268
1973,189
1465,228
1006,13
4077,314
3569,249
1577,137
2957,27
2848,45
2825,365
3021,91
1767,251
2488,210
4445,206
857,205
3183,123
2921,237
4181,68
3645,317
1738,137
2429,273
471,114
3236,326
4366,162
1235,135
3218,239
1691,330
2500,162
1038,7
4196,353
498,304
2144,200
826,307
235,55
4032,262
137,168
4277,78
3377,1
757,220
4073,263
24,227
1020,137
2578,9
279,104
2612,403
2115,50
2111,94
4272,226
686,372
612,97
3810,214
791,140
2982,323
603,168
2923,94
3145,341
3401,407
1409,16
4012,267
3761,59
1425,116
3508,147
2619,94
1673,290
1267,153
447,362
536,235
2094,117
4233,103
956,307
676,413
2273,56
1841,289
2587,151
287,198
2909,95
2720,193
1,341
4301,261
3565,80
3728,178
1331,118
2026,364
1201,390
4382,309
2203,171
82,14
3866,306
892,401
2343,84
2900,159
70,1
2695,197
2046,51
2082,313
3884,164
3442,351
1470,343
2532,196
3862,133
1925,404
630,252
1561,100
1304,384
319,305
4095,131
2544,130
3407,309
1845,402
1796,190
1277,207
1790,355
36,326
3617,318
124,312
923,101
1844,387
3327,263
1539,252
4459,72
3516,57
4325,118
995,70
2673,301
1319,263
487,340
847,94
2738,197
2744,200
2367,397
1041,372
570,263
253,364
655,317
816,345
1579,283
3065,4
3525,184
3394,392
266,359
73,147
942,319
950,347
1785,234
4101,374
2516,310
1450,24
1358,314
4134,15
2804,47
1148,197
4467,329
2378,46
89,148
3035,206
2756,286
3380,239
1241,377
3063,43
1306,48
3398,86
2554,157
4099,345
2217,332
83,384
2436,30
3051,260
1404,365
2844,400
1533,278
1547,285
2128,48
1101,188
1933,201
4068,410
3370,191
4,104
1780,395
3166,1
216,297
4231,415
977,154
3264,131
325,287
263,241
2642,34
2987,52
3086,216
997,404
3538,309
2488,23
4355,245
4421,240
4073,395
1798,83
3557,197
3287,324
1571,196
556,91
2422,3
508,144
2298,299
1803,134
2627,65
3623,54
572,275
4060,407
3663,278
286,415
3047,139
1760,68
931,160
603,209
1498,266
4181,169
873,154
233,279
651,274
766,394
1226,57
3008,52
1566,193
3152,335
3749,18
1527,267
530,185
1639,394
4438,28
4282,36
2043,280
3617,140
2513,251
3416,377
2729,12
1119,349
363,355
2459,345
333,159
630,156
2537,221
606,332
3615,88
1396,46
1890,337
1333,369
4227,53
298,150
1984,335
2733,354
4286,26
761,226
3778,281
3838,318
3126,82
1304,309
2064,193
1243,343
2081,235
3209,222
2423,241
1523,100
3598,317
3562,254
1749,269
718,267
1398,406
988,172
31,76
1253,20
2510,8
4204,42
2101,140
329,332
3922,387
2289,316
3034,203
1226,3
909,304
4486,319
313,295
1340,50
1138,134
3616,116
631,243
983,246
1192,273
506,262
40,82
1202,157
1823,149
1042,260
1238,322
56,74
2477,213
622,245
2827,121
1570,155
242,165
1315,84
2453,194
1684,98
2980,122
2124,12
87,60
985,296
703,174
3102,30
2331,59
949,153
2625,86
2632,144
3320,213
4097,85
61,52
265,211
344,10
3418,351
2164,102
2750,292
3508,70
3749,69
4055,372
565,60
1481,202
906,396
1220,157
1861,363
4139,341
1627,305
251,237
35,219
804,216
2760,89
3510,352
2223,392
856,398
1941,99
752,82
1820,7
454,290
3520,306
618,393
4121,189
2521,276
49,192
4401,170
3110,232
1841,156
3365,361
4296,313
2453,247
2800,51
3856,163
1681,49
1226,79
4075,30
4301,153
4407,80
4426,176
3467,1
1608,384
4343,234
127,129
4470,10
73,134
1052,290
1022,309
2286,363
3092,327
2606,404
3328,317
2141,30
2019,291
2812,224
3855,406
1099,184
1821,379
2769,391
2350,166
4043,225
2074,365
4485,315
2941,233
616,157
2661,336
2112,66
1273,304
3550,257
2354,82
1467,344
2302,244
3501,178
3546,215
3516,59
2096,347
2578,218
2526,215
3012,95
753,44
2854,340
4072,161
280,161
2371,37
4378,135
3036,285
2597,334
3005,65
1011,132
538,96
2117,83
3978,254
4177,316
1649,197
376,30
1348,125
2442,19
1148,132
811,105
1705,223
475,220
2780,240
1707,377
3237,17
1011,372
3622,71
1015,179
1126,132
324,157
2676,324
455,168
4255,84
2749,207
2862,195
2266,41
334,80
898,21
4115,313
1246,351
3839,364
499,177
4250,278
1834,97
2301,311
4003,300
4395,338
2561,372
2403,28
66,134
3848,237
3705,71
844,181
1158,400
2020,352
2573,325
3949,252
2073,285
4021,308
3319,72
2382,150
1595,129
1782,413
2584,17
4195,317
3755,16
4114,355
1195,33
1411,275
4129,227
3437,391
20,58
3690,83
1273,23
2640,395
94,209
3001,157
151,333
1763,368
1708,86
887,41
1079,151
1657,20
2112,26
2939,319
712,261
229,264
4454,324
249,141
883,43
2911,364
2251,139
2944,242
4485,409
121,231
124,352
4287,45
1057,12
3561,312
4172,330
693,107
817,349
3821,311
2194,209
65,354
1686,301
1276,31
2536,228
3033,61
934,280
4007,214
3826,147
1862,377
4178,50
1636,132
2502,378
4493,367
4374,155
2797,334
4213,109
416,390
3912,32
619,247
4363,58
1472,297
4107,164
410,128
917,122
2624,71
300,302
3546,273
2232,184
2107,367
2859,41
3104,54
271,415
3032,183
2813,168
4398,265
1180,231
3426,250
1567,321
4007,231
3566,263
1561,160
511,307
3070,14
2621,232
660,86
3792,70
4172,91
153,210
24,36
2081,40
1415,384
353,373
1702,23
1725,44
2082,31
3335,32
2222,361
4005,36
2666,155
1339,105
2597,63
2778,3
3711,229
3531,300
3009,94
2321,7
2860,139
3719,158
686,409
1386,133
3638,209
3453,302
3344,367
3848,112
4046,37
3559,300
3409,128
2334,214
2925,126
545,356
2350,338
1538,158
2453,374
4301,229
2209,312
2414,100
1785,216
1508,95
3457,337
3113,293
2666,282
4132,408
3365,54
2799,135
1546,238
1444,146
4108,274
3501,14
1249,367
3614,203
1718,261
2193,329
1297,347
4490,261
999,151
3703,346
673,4
1886,43
1771,237
3605,287
1344,359
811,406
1798,162
3193,339
290,381
1131,337
2664,54
3740,55
1557,113
556,110
3339,121
1824,335
3802,319
2545,254
3732,155
1960,277
79,391
2905,246
3820,318
1827,310
1649,161
3048,302
2801,276
3574,109
546,356
409,281
2209,374
3194,91
3623,169
322,121
209,338
3477,222
772,27
3310,360
2376,101
2690,333
853,181
2655,352
1335,263
1847,184
2832,90
3513,363
1061,140
3438,6
4402,13
2453,251
424,385
2139,60
4162,173
1728,158
291,318
2333,38
3556,375
4174,39
1461,62
4177,187
3008,275
4267,193
3946,39
3250,118
2328,38
376,62
3414,92
286,224
679,269
4279,343
1062,45
4151,296
777,309
2520,92
329,35
879,338
2988,188
60,54
2365,36
3102,316
3638,17
1049,413
1151,34
1308,287
2801,109
1552,361
3869,45
423,143
3073,165
66,226
2864,142
2390,50
3494,180
3524,281
3203,230
2729,244
685,415
3502,211
546,377
513,404
3029,274
622,214
1040,293
3545,325
3731,389
2839,333
1652,393
1028,241
997,323
824,371
226,3
848,114
803,172
1788,3
2701,297
2384,214
2335,321
3975,360
2196,27
1637,407
1319,273
3843,30
2563,41
3264,278
1661,22
2836,344
1141,64
794,182
2418,315
2427,303
174,268
2818,17
3818,237
3157,17
1277,317
2552,220
1963,195
365,119
1368,248
3244,88
4133,194
298,285
2211,285
4330,165
4399,164
974,243
1707,240
718,79
1038,24
4399,11
564,273
3515,7
3905,94
1534,398
908,279
1466,337
561,68
2279,180
3606,11
409,79
49,315
2729,226
3747,54
4481,159
1917,97
2677,263
2760,156
56,318
4363,224
2262,60
687,139
4013,262
3852,54
1638,163
636,36
1345,100
815,393
1453,406
1256,310
1258,229
1448,413
922,354
440,379
910,39
2776,45
4246,341
618,344
2118,83
3825,25
4249,207
826,257
1717,76
2395,249
3626,115
3912,206
690,89
3895,289
4422,311
3241,169
652,100
170,359
2103,18
1483,201
1754,350
3897,141
3481,318
1539,217
481,330
2314,228
3985,14
4372,153
925,300
1363,345
4454,125
881,199
21,226
417,331
195,81
3076,198
3342,3
2679,379
3859,267
189,58
3947,253
3665,226
4087,311
3220,307
1427,81
3310,93
2312,245
1611,298
725,168
410,323
2103,273
2786,17
2746,349
3539,171
3222,9
1203,235
4112,308
2399,165
2860,323
868,80
2770,72
4493,87
1721,231
992,33
1484,413
161,336
2564,52
4218,305
51,229
3243,30
2970,201
2960,324
3654,187
4244,184
3374,33
449,199
1079,353
745,237
3784,44
4186,81
3223,111
3952,213
750,377
1418,245
2176,200
3687,55
2845,238
384,287
2624,143
410,82
2852,244
2187,219
1494,24
2469,397
3585,85
3666,296
2518,73
2573,2
2688,139
2618,62
857,39
2722,133
747,354
1285,67
1667,204
4277,408
3246,243
1127,220
291,187
1437,10
28,199
2138,226
2087,301
1171,303
4313,270
4056,324
1998,105
4252,279
831,171
4398,88
423,20
4203,254
1477,176
3324,410
2447,99
2806,341
3764,108
1337,81
1785,89
313,184
1191,66
222,89
2559,14
3653,408
2548,116
416,265
3103,120
1522,304
3441,118
3128,277
180,385
4244,269
2896,107
4421,313
3222,100
3745,5
3818,409
4032,229
4014,310
2474,93
2295,55
2693,331
386,20
693,46
999,249
746,331
2319,42
3156,162
773,223
1889,14
2049,259
434,285
1037,40
1109,179
873,298
3705,336
1829,412
249,301
59,91
2075,63
2731,31
1624,333
4337,193
2757,183
2131,386
1049,265
2483,391
2547,17
3519,336
315,317
1346,67
2163,87
1554,382
3504,194
1880,355
2289,410
2691,121
3821,3
2658,10
3866,117
3117,36
231,1
1854,31
4104,17
2906,128
1262,364
3435,244
3593,278
1861,31
2458,203
1054,103
1812,197
2196,146
4150,263
3198,206
537,166
3820,170
2002,280
215,408
3775,169
3361,9
2041,239
963,232
555,342
1777,168
3770,50
883,328
4254,372
2753,303
4351,401
3314,331
170,395
4465,224
2813,77
2992,391
603,394
4401,393
3213,402
1258,324
2579,67
1735,155
484,97
2458,275
1,213
2623,92
2572,395
1277,217
658,181
1949,65
3110,214
430,13
2422,167
3835,338
3809,282
4028,350
261,115
2501,289
1554,64
2489,215
2903,158
2796,45
1950,225
1809,195
2308,415
128,76
1101,80
361,78
3522,74
393,325
509,227
1928,135
1874,264
4361,214
2896,28
1225,362
2546,411
2996,5
3516,27
2120,141
2950,285
4256,191
2978,140
4496,59
3268,239
24,409
2742,110
1462,318
6,392
3720,26
1860,347
4303,158
1235,352
3802,393
682,164
2545,312
9,54
4252,295
3385,234
1484,17
387,297
574,304
947,413
2947,217
3183,230
1003,236
470,212
2100,128
25,67
1425,323
4003,397
4088,231
3043,160
2560,208
2068,89
3928,220
2136,366
1144,5
629,260
194,389
1827,124
3631,325
2461,233
1481,9
1407,272
4334,316
1350,124
4150,34
815,65
2597,223
1777,255
4437,116
1563,190
394,377
2383,405
1541,157
2917,131
1522,400
2756,215
1125,233
4081,409
3793,54
1257,59
2423,129
2865,301
213,24
2071,139
2153,240
1523,273
1388,156
1079,271
520,358
2099,67
630,90
108,244
1029,6
1486,389
1960,110
2671,225
2724,340
2294,182
1021,222
3259,236
4233,38
2971,232
2911,252
1469,50
1884,192
1788,112
277,30
2793,83
2369,114
2413,42
1578,161
2274,99
562,93
2065,192
2921,91
1749,396
456,201
995,377
752,67
1673,285
2393,333
1419,161
3545,41
2840,114
3100,218
3986,253
2500,20
1693,284
3744,309
2506,87
802,314
2732,12
2464,168
902,127
2302,282
8192, 1
8192, 190
8192, 25
8192, 68
8193, 11
8193, 377
8193, 241
8194, 227
8194, 260
8194, 115
8195, 123
8195, 80